word	other_form	surface_form	direction	freq	pmi	example_sentence
ottaa	yhteys	ottaa yhteyttä	R	15349	4.9813	Emme voi enää ottaa yhteyttä .
ottaa	yhteys	ottaa yhteyttä	R	15349	4.9813	Olen varma , joku meistä ottaa yhteyttä .
ottaa	yhteys	ottaa yhteyttä	R	15349	4.9813	Mietimme miten ottaa yhteyttä .
ottaa	yhteys	ottaa yhteyttä	R	15349	4.9813	Voisitko ottaa yhteyttä Joanna Carltoniin kymmenenneltä luokalta kertoa , olen pahoillani , etten päässyt tanssiaisiin .
ottaa	yhteys	ottaa yhteyttä	R	15349	4.9813	Koulu ottaa yhteyttä äitiinne kurinpitotoimista .
ottaa	yhteys	ottaa yhteyttä	R	15349	4.9813	Parasta ottaa yhteyttä keskukseen .
ottaa	yhteys	ottaa yhteyttä	R	15349	4.9813	Muuten , olen melko varma , poliisi ottaa yhteyttä .
ottaa	yhteys	ottaa yhteyttä	R	15349	4.9813	Hän yrittää ottaa yhteyttä .
ottaa	yhteys	ottaa yhteyttä	R	15349	4.9813	Häneen on vaikea ottaa yhteyttä , asuu milloin missäkin .
ottaa	yhteys	ottaa yhteyttä	R	15349	4.9813	He vaativat saada tietää , kauanko vielä pidämme heitä täällä , milloin he saavat ottaa yhteyttä aluksiinsa .
ottaa	yhteys	ottaa yhteyttä	R	15349	4.9813	Kuvittelen sinut elämään jossain kellarissa parlamentin lähistöllä , myymässä persettäsi tullaksesi toimeen ajattelin vain ottaa yhteyttä niin voisimme mennä joskus kaljalle .
ottaa	yhteys	ottaa yhteyttä	R	15349	4.9813	, ellei vastaaja aio ottaa yhteyttä jokaiseen yhden illan juttuunsa selvittääkseen , oliko seurauksena lapsen syntymä , hänellä ei ole lapseen vanhemmanoikeutta .
ottaa	yhteys	ottaa yhteyttä	R	15349	4.9813	Väkeni ottaa yhteyttä sinun väkeesi .
ottaa	yhteys	ottaa yhteyttä	R	15349	4.9813	vanhempasi erosivat , äitisi sanoi , isäsi koskaan yrittäisi ottaa yhteyttä sinuun hän luovuttaisi poliisille riittävästi todisteita , isäsi joutuisi vankilaan .
ottaa	yhteys	ottaa yhteyttä	R	15349	4.9813	Arvelen , hän ottaa yhteyttä .
ottaa	yhteys	ottaa yhteyttä	R	15349	4.9813	Heihin ei ole yritetty ottaa yhteyttä .
ottaa	yhteys	ottaa yhteyttä	R	15349	4.9813	Hoitokulut kasvavat , vaimo ottaa yhteyttä vakuutusyhtiöön minuun .
ottaa	yhteys	ottaa yhteyttä	R	15349	4.9813	Ehkä voimme ottaa yhteyttä Anakiniin Naboossa , se on paljon lähempänär .
ottaa	yhteys	ottaa yhteyttä	R	15349	4.9813	Ystävät , joihin he saattavat ottaa yhteyttä ...
ottaa	yhteys	ottaa yhteyttä	R	15349	4.9813	hän ottaa yhteyttä , sinun on parasta soittaa meiIIe .
ottaa	selvä	ottaa selvää	R	8331	2.9266	En tiedä aion ottaa selvää .
ottaa	selvä	ottaa selvää	R	8331	2.9266	Tämä on tilaisuutesi ottaa selvää .
ottaa	selvä	ottaa selvää	R	8331	2.9266	Vain yksi tapa ottaa selvää .
ottaa	selvä	ottaa selvää	R	8331	2.9266	Ainoa tapa ottaa selvää on mennä sinne .
ottaa	selvä	ottaa selvää	R	8331	2.9266	Siitä aion ottaa selvää , Jerome .
ottaa	selvä	ottaa selvää	R	8331	2.9266	Aion ottaa selvää mitä !
ottaa	selvä	ottaa selvää	R	8331	2.9266	Siitä aion ottaa selvää .
ottaa	selvä	ottaa selvää	R	8331	2.9266	syytteistä on vaikea ottaa selvää .
ottaa	selvä	ottaa selvää	R	8331	2.9266	On asioita , joista minun pitää ottaa selvää .
ottaa	selvä	ottaa selvää	R	8331	2.9266	Siitä aiomme ottaa selvää .
ottaa	selvä	ottaa selvää	R	8331	2.9266	Oletko sitä mieltä ettei meidän pitäisi ottaa selvää ?
ottaa	selvä	ottaa selvää	R	8331	2.9266	Haluatko ottaa selvää ?
ottaa	selvä	ottaa selvää	R	8331	2.9266	"Paras ottaa selvää ennen osaamme sanoa "" en ole huora "" venäjäksi ."
ottaa	selvä	ottaa selvää	R	8331	2.9266	Ehkä minusta on vain tarjoilijaksi , haluan ottaa selvää onko minusta muuhun .
ottaa	selvä	ottaa selvää	R	8331	2.9266	Päätin ottaa selvää .
ottaa	selvä	ottaa selvää	R	8331	2.9266	Haluan ottaa selvää hänestä .
ottaa	selvä	ottaa selvää	R	8331	2.9266	Olisi pitänyt ottaa selvää mitä se oli , tuoda tuliaisina .
ottaa	selvä	ottaa selvää	R	8331	2.9266	Yritän ottaa selvää .
ottaa	selvä	ottaa selvää	R	8331	2.9266	Halusit ottaa selvää pienoismalliharrastajista .
ottaa	selvä	ottaa selvää	R	8331	2.9266	Aion ottaa selvää .
ottaa	kuva	ottaa kuvan	R	6443	3.8382	, saanko ottaa kuvan sinusta ?
ottaa	kuva	ottaa kuvan	R	6443	3.8382	Voinko ottaa kuvan sinusta , Sam ?
ottaa	kuva	ottaa kuvan	R	6443	3.8382	, saanko ottaa kuvan ?
ottaa	kuva	ottaa kuvan	R	6443	3.8382	joku ottaa kuvan vuosikirjaan , näytämme ihan idiooteilta .
ottaa	kuva	ottaa kuvan	R	6443	3.8382	Saanko ottaa kuvan ?
ottaa	kuva	ottaa kuvan	R	6443	3.8382	Herra Graham , ehkä haluaisitte ottaa kuvan minun kylästäni .
ottaa	kuva	ottaa kuvan	R	6443	3.8382	Saanko ottaa kuvan , lzzy ?
ottaa	kuva	ottaa kuvan	R	6443	3.8382	Cathy , haluan ottaa kuvan sinusta Jodysta .
ottaa	kuva	ottaa kuvan	R	6443	3.8382	Voinko ottaa kuvan ?
ottaa	kuva	ottaa kuvan	R	6443	3.8382	Voisinko ottaa kuvan ?
ottaa	kuva	ottaa kuvan	R	6443	3.8382	Aioin ottaa kuvan lähettää sen sille asianajajalle hän nukkuisi yönsä paremmin .
ottaa	kuva	ottaa kuvan	R	6443	3.8382	Voisitteko ottaa kuvan perheestäni ?
ottaa	kuva	ottaa kuvan	R	6443	3.8382	Isi ottaa kuvan .
ottaa	kuva	ottaa kuvan	R	6443	3.8382	Herra Sellers , saanko ottaa kuvan teistä äitinne kanssa ?
ottaa	kuva	ottaa kuvan	R	6443	3.8382	Voitte ottaa kuvan minusta .
ottaa	kuva	ottaa kuvan	R	6443	3.8382	Haluan ottaa kuvan ikkunan läpi .
ottaa	kuva	ottaa kuvan	R	6443	3.8382	Haluaisitteko ottaa kuvan ?
ottaa	kuva	ottaa kuvan	R	6443	3.8382	Voisitteko ottaa kuvan meistä ?
ottaa	kuva	ottaa kuvan	R	6443	3.8382	Joku ottaa kuvan firmasta käskee maksaa , pulju palaa .
ottaa	kuva	ottaa kuvan	R	6443	3.8382	Herra Crewe , voimmeko ottaa kuvan ?
ottaa	riski	ottaa riskiä	R	6240	5.2161	Emme voi ottaa riskiä .
ottaa	riski	ottaa riskiä	R	6240	5.2161	Miksi ottaa riskiä ?
ottaa	riski	ottaa riskiä	R	6240	5.2161	Tiedän kyllä , en uskalla ottaa riskiä .
ottaa	riski	ottaa riskiä	R	6240	5.2161	Miksen uskaltanut ottaa riskiä ?
ottaa	riski	ottaa riskiä	R	6240	5.2161	En voi ottaa riskiä .
ottaa	riski	ottaa riskiä	R	6240	5.2161	Niin kai , joten miksi ottaa riskiä ?
ottaa	riski	ottaa riskiä	R	6240	5.2161	Ehkä , emme voi ottaa riskiä .
ottaa	riski	ottaa riskiä	R	6240	5.2161	Emme voi ottaa riskiä , joudumme odottamaan taas kaksi vuotta , jne .
ottaa	riski	ottaa riskiä	R	6240	5.2161	Vapautin sinut nähdäkseni pärjäätkö yhteiskunnassa herätät liikaa huomiota , En voi ottaa riskiä .
ottaa	riski	ottaa riskiä	R	6240	5.2161	Emme voi ottaa riskiä vielä .
ottaa	riski	ottaa riskiä	R	6240	5.2161	En tiedä onko täällä kuuntelulaitteita , en halua ottaa riskiä .
ottaa	riski	ottaa riskiä	R	6240	5.2161	En voi ottaa riskiä operaation paljastumisesta ulkopuoliselle .
ottaa	riski	ottaa riskiä	R	6240	5.2161	He eivät voineet ottaa riskiä paljastumisesta ulkopuolisille .
ottaa	riski	ottaa riskiä	R	6240	5.2161	En voi ottaa riskiä kertomalla sinulle .
ottaa	riski	ottaa riskiä	R	6240	5.2161	Emme voi ottaa riskiä , deudrium pääsisi vapaaksi järjestelmään .
ottaa	riski	ottaa riskiä	R	6240	5.2161	Kuinka paljon haluat ottaa riskiä toisella tasolla ?
ottaa	riski	ottaa riskiä	R	6240	5.2161	Toisin sanoen he eivät halua ottaa riskiä joutumisesta sotaan Cardassian kanssa korvakorun takia .
ottaa	riski	ottaa riskiä	R	6240	5.2161	Siinä tapauksessa emme voi ottaa riskiä .
ottaa	riski	ottaa riskiä	R	6240	5.2161	Joten emme voi ottaa riskiä niiden alusten pääsevän tarpeeksi lähelle .
ottaa	riski	ottaa riskiä	R	6240	5.2161	Miehet , joille hän työskenteli , eivät uskaltaneet ottaa riskiä , hän olisi syyttänyt heitä .
ottaa	rauhallisesti	ota rauhallisesti	R	5748	5.3090	Ota rauhallisesti , Kev .
ottaa	rauhallisesti	ota rauhallisesti	R	5748	5.3090	Ota rauhallisesti !
ottaa	rauhallisesti	ota rauhallisesti	R	5748	5.3090	Ota rauhallisesti .
ottaa	rauhallisesti	ota rauhallisesti	R	5748	5.3090	Ota rauhallisesti , tuo on jo toinen Chanel-pullo .
ottaa	rauhallisesti	ota rauhallisesti	R	5748	5.3090	Ota rauhallisesti ...
ottaa	rauhallisesti	ota rauhallisesti	R	5748	5.3090	Ota rauhallisesti nähdään pian .
ottaa	rauhallisesti	ota rauhallisesti	R	5748	5.3090	Ota rauhallisesti , ettet saa oikeasti sydänkohtausta .
ottaa	rauhallisesti	ota rauhallisesti	R	5748	5.3090	Ota rauhallisesti
ottaa	rauhallisesti	ota rauhallisesti	R	5748	5.3090	Ota rauhallisesti , se tulee käsikirjoitukseeni .
ottaa	rauhallisesti	ota rauhallisesti	R	5748	5.3090	Ota rauhallisesti , John .
ottaa	rauhallisesti	ota rauhallisesti	R	5748	5.3090	Ota rauhallisesti tällä kertaa .
ottaa	rauhallisesti	ota rauhallisesti	R	5748	5.3090	Ota rauhallisesti , Peyton .
ottaa	rauhallisesti	ota rauhallisesti	R	5748	5.3090	Ota rauhallisesti ... kadetti .
ottaa	rauhallisesti	ota rauhallisesti	R	5748	5.3090	Ota rauhallisesti , ei mitään hätää .
ottaa	rauhallisesti	ota rauhallisesti	R	5748	5.3090	Ota rauhallisesti , Rosebud .
ottaa	rauhallisesti	ota rauhallisesti	R	5748	5.3090	Ota rauhallisesti poika !
ottaa	rauhallisesti	ota rauhallisesti	R	5748	5.3090	Ota rauhallisesti sen aikaa , älä anna heille mitään aihetta .
ottaa	rauhallisesti	ota rauhallisesti	R	5748	5.3090	Ota rauhallisesti , Marcus .
ottaa	rauhallisesti	ota rauhallisesti	R	5748	5.3090	Ota rauhallisesti , me olemme menossa .
ottaa	rauhallisesti	ota rauhallisesti	R	5748	5.3090	Ota rauhallisesti , pomo .
ottaa	kiinni	ota kiinni	R	5517	3.2256	Ota kiinni !
ottaa	kiinni	ota kiinni	R	5517	3.2256	Ota kiinni , Wendy .
ottaa	kiinni	ota kiinni	R	5517	3.2256	Ota kiinni saat !
ottaa	kiinni	ota kiinni	R	5517	3.2256	Ota kiinni käsien alta .
ottaa	kiinni	ota kiinni	R	5517	3.2256	Ota kiinni se , Dang Ling !
ottaa	kiinni	ota kiinni	R	5517	3.2256	Ota kiinni .
ottaa	kiinni	ota kiinni	R	5517	3.2256	Ota kiinni , poika .
ottaa	kiinni	ota kiinni	R	5517	3.2256	Ota kiinni veneestä !
ottaa	kiinni	ota kiinni	R	5517	3.2256	Ota kiinni , Pan !
ottaa	kiinni	ota kiinni	R	5517	3.2256	Ota kiinni , Lou .
ottaa	kiinni	ota kiinni	R	5517	3.2256	Ota kiinni tästä !
ottaa	kiinni	ota kiinni	R	5517	3.2256	Ota kiinni verkosta , Jer !
ottaa	kiinni	ota kiinni	R	5517	3.2256	Ota kiinni kuolet .
ottaa	kiinni	ota kiinni	R	5517	3.2256	Ota kiinni kädestäni !
ottaa	kiinni	ota kiinni	R	5517	3.2256	Ota kiinni siitä !
ottaa	kiinni	ota kiinni	R	5517	3.2256	Ota kiinni ratista .
ottaa	kiinni	ota kiinni	R	5517	3.2256	Ota kiinni , äiti .
ottaa	kiinni	ota kiinni	R	5517	3.2256	Ota kiinni aidasta .
ottaa	kiinni	ota kiinni	R	5517	3.2256	Ota kiinni minusta .
ottaa	kiinni	ota kiinni	R	5517	3.2256	Ota kiinni hänen jaloista !
ottaa	osa	otan osaa	R	5081	3.5306	Otan osaa .
ottaa	osa	otan osaa	R	5081	3.5306	Otan osaa Harveyn johdosta .
ottaa	osa	otan osaa	R	5081	3.5306	Otan osaa ...
ottaa	osa	otan osaa	R	5081	3.5306	Otan osaa , Riggs .
ottaa	osa	otan osaa	R	5081	3.5306	Otan osaa veljesi suhteen .
ottaa	osa	otan osaa	R	5081	3.5306	Otan osaa intiaanin johdosta .
ottaa	osa	otan osaa	R	5081	3.5306	Otan osaa Linnetin kuoleman vuoksi .
ottaa	osa	otan osaa	R	5081	3.5306	Otan osaa , Seth .
ottaa	osa	otan osaa	R	5081	3.5306	Otan osaa , Kareem.
ottaa	osa	otan osaa	R	5081	3.5306	Otan osaa , kaveri .
ottaa	osa	otan osaa	R	5081	3.5306	Otan osaa , kapteeni .
ottaa	osa	otan osaa	R	5081	3.5306	Otan osaa , kulta .
ottaa	osa	otan osaa	R	5081	3.5306	Otan osaa , Porter .
ottaa	osa	otan osaa	R	5081	3.5306	Otan osaa , Wayne .
ottaa	osa	otan osaa	R	5081	3.5306	Otan osaa , sinun kannattaisi palata uskon piiriin .
ottaa	osa	otan osaa	R	5081	3.5306	Otan osaa , Bill.
ottaa	osa	otan osaa	R	5081	3.5306	Otan osaa menetyksen johdosta .
ottaa	osa	otan osaa	R	5081	3.5306	Otan osaa , ystäväiseni .
ottaa	osa	otan osaa	R	5081	3.5306	Otan osaa kaatuneiden haavoittuneiden puolesta
ottaa	osa	otan osaa	R	5081	3.5306	Otan osaa , saat lähteä aamun ensimmäisellä koneella .
ottaa	huomio	ottaen huomioon	R	4684	4.3592	Ottaen huomioon rikosten vakavuuden , erikoisluontoisen menneisyytesi , täydellisen kunnioituksen puutteen Yhdysvaltojen lakeja kohtaan , minun on hylättävä anomuksenne , teitä kohdeltaisiin alaikäisenä .
ottaa	huomio	ottaen huomioon	R	4684	4.3592	Ottaen huomioon oman hankalan tilanteemme ...
ottaa	huomio	ottaen huomioon	R	4684	4.3592	Ottaen huomioon , meillä on kimmotinlaatat heillä ei , meidän on mahdollista ...
ottaa	huomio	ottaen huomioon	R	4684	4.3592	Ottaen huomioon kaiken , mitä sinulle on tapahtunut , sinun täytyy nähdä joku lääkäri .
ottaa	huomio	ottaen huomioon	R	4684	4.3592	Ottaen huomioon paikallisen asujaimiston , suosittelisin vaatteita .
ottaa	huomio	ottaen huomioon	R	4684	4.3592	Ottaen huomioon aiemman koulutuksesi taustasi suot varmasti anteeksi tekemäni johtopäätökset .
ottaa	huomio	ottaen huomioon	R	4684	4.3592	Ottaen huomioon näiden harvinaisuuden , sinulla on tarpeeksi vuokran maksamiseen vähäksi aikaa .
ottaa	huomio	ottaen huomioon	R	4684	4.3592	Ottaen huomioon olosuhteet .
ottaa	huomio	ottaen huomioon	R	4684	4.3592	Ottaen huomioon öljypulan sopimuksen ajankohta on loistava .
ottaa	huomio	ottaen huomioon	R	4684	4.3592	Ottaen huomioon , olet Pohjois-Philadelphiassa siten olet vierailemassa Pohjois-Philadelphiassa , Pohjois-Philadelphiasta .
ottaa	huomio	ottaen huomioon	R	4684	4.3592	Ottaen huomioon nykyisen tilanteen pidän välttämättömänä ...
ottaa	huomio	ottaen huomioon	R	4684	4.3592	Ottaen huomioon todistusaineiston , ei liene tarpeellista vetäytyä .
ottaa	huomio	ottaen huomioon	R	4684	4.3592	Ottaen huomioon tilanteesi , en voi sanoa ymmärtäisin syysi miksi tulit vapaaehtoisena alukseni operaattoriksi .
ottaa	huomio	ottaen huomioon	R	4684	4.3592	Ottaen huomioon mitâ kuvaan se toisi huonoa onnea .
ottaa	huomio	ottaen huomioon	R	4684	4.3592	Ottaen huomioon asemasi yhteiskunnassa , olemme tuoneet jonkun tekemään sinulle tukanleikkuun .
ottaa	huomio	ottaen huomioon	R	4684	4.3592	Ottaen huomioon tilanteesi .
ottaa	huomio	ottaen huomioon	R	4684	4.3592	Ottaen huomioon , mitä minusta puhutaan uskot varmaan olevasi oikeassa .
ottaa	huomio	ottaen huomioon	R	4684	4.3592	Ottaen huomioon äiti Giles suunnittelevat tulevaisuuttani ...
ottaa	huomio	ottaen huomioon	R	4684	4.3592	Ottaen huomioon aikaisemman menestyksesi ...
ottaa	huomio	ottaen huomioon	R	4684	4.3592	Ottaen huomioon heidän hallussaan olevan pommin räjähdysvoima , he peittävät jälkensä mahdollisimman huolellisesti .
ottaa	haluta	halua ottaa	L	4254	0.6296	Kerronpa kenestä en halua ottaa kunniaa .
ottaa	haluta	halua ottaa	L	4254	0.6296	En halua ottaa rahaa , en tunne ansainneeni sitä .
ottaa	haluta	halua ottaa	L	4254	0.6296	Oletko varma , ettet halua ottaa Dougia mukaan ?
ottaa	haluta	halua ottaa	L	4254	0.6296	En halua ottaa vastaan rahojasi .
ottaa	haluta	halua ottaa	L	4254	0.6296	En halua ottaa lääkettä .
ottaa	haluta	halua ottaa	L	4254	0.6296	, etkö halua ottaa kuvaa ?
ottaa	haluta	halua ottaa	L	4254	0.6296	En halua ottaa osaa tähän .
ottaa	haluta	halua ottaa	L	4254	0.6296	En halua ottaa ...
ottaa	haluta	halua ottaa	L	4254	0.6296	En ymmärrä miksi tulin tänne auttamaan äitiäsi muutossa , hän ei kerran halua ottaa mitään mukaansa .
ottaa	haluta	halua ottaa	L	4254	0.6296	En halua ottaa mitään riskejä .
ottaa	haluta	halua ottaa	L	4254	0.6296	En halua ottaa riskejä .
ottaa	haluta	halua ottaa	L	4254	0.6296	En halua ottaa sellaista , mistä en tiedä , mitä se on .
ottaa	haluta	halua ottaa	L	4254	0.6296	en halua ottaa sinua .
ottaa	haluta	halua ottaa	L	4254	0.6296	Olette tärkeitä Umbrellalle , eivätkä he halua ottaa riskejä
ottaa	haluta	halua ottaa	L	4254	0.6296	En halua ottaa valtaa .
ottaa	haluta	halua ottaa	L	4254	0.6296	En halua ottaa iisisti .
ottaa	haluta	halua ottaa	L	4254	0.6296	En halua ottaa rahojasi .
ottaa	haluta	halua ottaa	L	4254	0.6296	Koskajos kerron , et halua ottaa osaa .
ottaa	haluta	halua ottaa	L	4254	0.6296	En vain halua ottaa liikaa tekemistä .
ottaa	haluta	halua ottaa	L	4254	0.6296	Emme halua ottaa kontaktia .
ottaa	raha	ota rahat	R	4077	2.4956	Ota rahat .
ottaa	raha	ota rahat	R	4077	2.4956	Ota rahat !
ottaa	raha	ota rahat	R	4077	2.4956	Ota rahat , joita keräät seurakunnallesi , hanki nätti mekko pistä ulkonäkösi kuntoon .
ottaa	raha	ota rahat	R	4077	2.4956	Ota rahat , Beans.
ottaa	raha	ota rahat	R	4077	2.4956	Ota rahat lähde .
ottaa	raha	ota rahat	R	4077	2.4956	Ota rahat niin me lähdemme .
ottaa	raha	ota rahat	R	4077	2.4956	Ota rahat räjäytä tämä paikka pirstaleiksi .
ottaa	raha	ota rahat	R	4077	2.4956	Ota rahat pidä ne !
ottaa	raha	ota rahat	R	4077	2.4956	Ota rahat , niin aloitetaan liiketoiminta .
ottaa	raha	ota rahat	R	4077	2.4956	Ota rahat , älä opeta minulle omaa työtäni .
ottaa	raha	ota rahat	R	4077	2.4956	Ota rahat , päästä käteni .
ottaa	raha	ota rahat	R	4077	2.4956	Ota rahat nyt äkkiä !
ottaa	raha	ota rahat	R	4077	2.4956	Ota rahat käteiskassasta .
ottaa	raha	ota rahat	R	4077	2.4956	Ota rahat , lähde tule takaisin .
ottaa	raha	ota rahat	R	4077	2.4956	Ota rahat lähdetään takaisin Meksikoon .
ottaa	raha	ota rahat	R	4077	2.4956	Ota rahat laatikosta jätä minut Meredith ...
ottaa	raha	ota rahat	R	4077	2.4956	Ota rahat kävele polkua pitkin .
ottaa	raha	ota rahat	R	4077	2.4956	Ota rahat takaisin !
ottaa	raha	ota rahat	R	4077	2.4956	Ota rahat , hän huijasi .
ottaa	raha	ota rahat	R	4077	2.4956	Ota rahat takaisin .
ottaa	vastaan	ottaa vastaan	R	4068	3.2145	Mitätahansa , minä en voi ottaa vastaan tätä työtä .
ottaa	vastaan	ottaa vastaan	R	4068	3.2145	Hän ei voi ottaa vastaan vieraita .
ottaa	vastaan	ottaa vastaan	R	4068	3.2145	Olen pahoillani , me emme saa ottaa vastaan shekkejä tuntemattomilta .
ottaa	vastaan	ottaa vastaan	R	4068	3.2145	Kenraali ottaa vastaan .
ottaa	vastaan	ottaa vastaan	R	4068	3.2145	Hän ei voi ottaa vastaan vierailijoita .
ottaa	vastaan	ottaa vastaan	R	4068	3.2145	En yleensä voisi ottaa vastaan mitään sellaista , halusin oikeasti sitä .
ottaa	vastaan	ottaa vastaan	R	4068	3.2145	onkin sota , voisimme sentään ottaa vastaan sen pullon ...
ottaa	vastaan	ottaa vastaan	R	4068	3.2145	Mietin , miksi sinunlaisesi musta sotilas ottaa vastaan käskyjä valkoiselta tyypiltä .
ottaa	vastaan	ottaa vastaan	R	4068	3.2145	En halua ottaa vastaan rahojasi .
ottaa	vastaan	ottaa vastaan	R	4068	3.2145	Torrance Shipman , tehtäväsi , joka sinun on parasta ottaa vastaan on ottaa spirit-keppi kiinni pudottaa se koko leirin nähden .
ottaa	vastaan	ottaa vastaan	R	4068	3.2145	Miksi annoitte Iuvan ottaa vastaan Iisää potiIaita ToIstoista ?
ottaa	vastaan	ottaa vastaan	R	4068	3.2145	Viestin saattoi ottaa vastaan joku idiootti .
ottaa	vastaan	ottaa vastaan	R	4068	3.2145	Et osaa ottaa vastaan kohteliaisuuksia .
ottaa	vastaan	ottaa vastaan	R	4068	3.2145	Löysin tänään liikkeen joka ottaa vastaan huonekaluja .
ottaa	vastaan	ottaa vastaan	R	4068	3.2145	Ette saa ottaa vastaan vieraita .
ottaa	vastaan	ottaa vastaan	R	4068	3.2145	En voisi ottaa vastaan sellaista .
ottaa	vastaan	ottaa vastaan	R	4068	3.2145	Vapauden , jonka voimme ottaa vastaan kunnialla .
ottaa	vastaan	ottaa vastaan	R	4068	3.2145	Miksi annoitte luvan ottaa vastaan lisää potilaita Tolstoista ?
ottaa	vastaan	ottaa vastaan	R	4068	3.2145	Kyllä hän minut ottaa vastaan .
ottaa	vastaan	ottaa vastaan	R	4068	3.2145	Hän ottaa vastaan välittömästi .
ottaa	luku	lukuun ottamatta	L	3540	4.9675	Mikä hänessä on niin ihmeellistä , lukuun ottamatta tupakoimattomuutta ?
ottaa	luku	lukuun ottamatta	L	3540	4.9675	Kaikki tulevat yhtä lukuun ottamatta .
ottaa	luku	lukuun ottamatta	L	3540	4.9675	Hiertymiä lukuun ottamatta edistyimme hyvin .
ottaa	luku	lukuun ottamatta	L	3540	4.9675	Jokainen näistä elokuvista oli menestys yhtä lukuun ottamatta .
ottaa	luku	lukuun ottamatta	L	3540	4.9675	selvisi pahemmitta vaurioitta , lukuun ottamatta verta virtsassa .
ottaa	luku	lukuun ottamatta	L	3540	4.9675	Yhtä poikkeusta lukuun ottamatta .
ottaa	luku	lukuun ottamatta	L	3540	4.9675	Näin hullu tarina voisi olla totta yhtä asiaa lukuun ottamatta .
ottaa	luku	lukuun ottamatta	L	3540	4.9675	Aylasta tulisi nyt Klaanin nainen yhtä poikkeusta lukuun ottamatta .
ottaa	luku	lukuun ottamatta	L	3540	4.9675	Turisteja lukuun ottamatta .
ottaa	luku	lukuun ottamatta	L	3540	4.9675	, sitä lukuun ottamatta , minusta hänessä on potentiaalia .
ottaa	luku	lukuun ottamatta	L	3540	4.9675	Panemista lukuun ottamatta Tyler Marla eivät koskaan olleet samassa huoneessa .
ottaa	luku	lukuun ottamatta	L	3540	4.9675	Kesäkuussa koko Manner Eurooppa Balkania lukuun ottamatta oli akselivaltojen hallinnassa .
ottaa	luku	lukuun ottamatta	L	3540	4.9675	Paria asiaa lukuun ottamatta .
ottaa	luku	lukuun ottamatta	L	3540	4.9675	Luotan isããni lukuun ottamatta eniten sinuun .
ottaa	luku	lukuun ottamatta	L	3540	4.9675	Hyvä uutinen on , munajauhetta lukuun ottamatta , kaikki ravinto on purkitettu veteen mehuun .
ottaa	luku	lukuun ottamatta	L	3540	4.9675	Köysitemppua lukuun ottamatta minunkaltaistani nestoria .
ottaa	luku	lukuun ottamatta	L	3540	4.9675	Ihmisen aivot läsnä olevia lukuun ottamatta ovat paljon pidemmälle kehittyneet .
ottaa	luku	lukuun ottamatta	L	3540	4.9675	Joten smokkisi mittoja lukuun ottamatta en halua tietää muuta .
ottaa	luku	lukuun ottamatta	L	3540	4.9675	Aivan , paria kuhnuria lukuun ottamatta .
ottaa	luku	lukuun ottamatta	L	3540	4.9675	Ulkonäköä lukuun ottamatta se on kunnossa .
ottaa	mukaan	ottaa mukaan	R	3046	2.2808	Saavat ottaa mukaan vain kiloa tavaraa .
ottaa	mukaan	ottaa mukaan	R	3046	2.2808	tämä on salainen operaatio , Orinia ei voi ottaa mukaan .
ottaa	mukaan	ottaa mukaan	R	3046	2.2808	Haluatteko ottaa mukaan jotain henkilökohtaista ?
ottaa	mukaan	ottaa mukaan	R	3046	2.2808	Häntä ei voi ottaa mukaan .
ottaa	mukaan	ottaa mukaan	R	3046	2.2808	Onko sitten joku jonka haluat ottaa mukaan ?
ottaa	mukaan	ottaa mukaan	R	3046	2.2808	Kannattaako niitä ottaa mukaan ?
ottaa	mukaan	ottaa mukaan	R	3046	2.2808	Mike päätti ottaa mukaan panttivangin .
ottaa	mukaan	ottaa mukaan	R	3046	2.2808	Häntä on turha ottaa mukaan .
ottaa	mukaan	ottaa mukaan	R	3046	2.2808	Haluatko ottaa mukaan ... soittaa suoraan FBI :
ottaa	mukaan	ottaa mukaan	R	3046	2.2808	Saanko ottaa mukaan ystävän , henkilääkärini Monsignor Larvell Jonesin .
ottaa	mukaan	ottaa mukaan	R	3046	2.2808	Voit ottaa mukaan yhden perheenjäsenen et muita
ottaa	mukaan	ottaa mukaan	R	3046	2.2808	Milo pitää ottaa mukaan .
ottaa	mukaan	ottaa mukaan	R	3046	2.2808	Kaikki tämä pitää ottaa mukaan .
ottaa	mukaan	ottaa mukaan	R	3046	2.2808	Kannattaako tätä ottaa mukaan ?
ottaa	mukaan	ottaa mukaan	R	3046	2.2808	On kallista ottaa mukaan vieraita .
ottaa	mukaan	ottaa mukaan	R	3046	2.2808	Ajattelin ottaa mukaan rapakon taa .
ottaa	mukaan	ottaa mukaan	R	3046	2.2808	Naista ei pitäisi ottaa mukaan tähän leikkiin !
ottaa	mukaan	ottaa mukaan	R	3046	2.2808	Ilman Etelän vapaaehtoisia majurin piti ottaa mukaan lehmipaimenia kulkureita juoppoja .
ottaa	mukaan	ottaa mukaan	R	3046	2.2808	Minulla on tärkeitä neuvotteluita monen sadantuhannen markan kauppoja ajattelin ottaa mukaan sihteerin huolehtimaan kirjeenvaihdosta .
ottaa	mukaan	ottaa mukaan	R	3046	2.2808	Tarjouduin hankkimaan paperit kerroin , mitä piti ottaa mukaan .
ottaa	ase	ota ase	R	2746	2.5376	Haluatko varmistua Ota ase mukaasi ?
ottaa	ase	ota ase	R	2746	2.5376	Ota ase .
ottaa	ase	ota ase	R	2746	2.5376	Ota ase käytä sitä !
ottaa	ase	ota ase	R	2746	2.5376	Ota ase !
ottaa	ase	ota ase	R	2746	2.5376	Ota ase käteesi ammu .
ottaa	ase	ota ase	R	2746	2.5376	Ota ase painu matkustamoon .
ottaa	ase	ota ase	R	2746	2.5376	Ota ase esiin .
ottaa	ase	ota ase	R	2746	2.5376	Ota ase sinun täytyy .
ottaa	ase	ota ase	R	2746	2.5376	Ota ase ammu hänet !
ottaa	ase	ota ase	R	2746	2.5376	Ota ase vedä liipaisimesta .
ottaa	ase	ota ase	R	2746	2.5376	Ota ase , sinun täytyy .
ottaa	ase	ota ase	R	2746	2.5376	Ota ase pois .
ottaa	ase	ota ase	R	2746	2.5376	Ota ase pois siltä .
ottaa	ase	ota ase	R	2746	2.5376	Ota ase myös , Bill.
ottaa	ase	ota ase	R	2746	2.5376	Ota ase vähäksi aikaa .
ottaa	ase	ota ase	R	2746	2.5376	Ota ase mene Amyn huoneeseen ...
ottaa	ase	ota ase	R	2746	2.5376	Ota ase ammu , täytyy , hommaa meille se tieto .
ottaa	ase	ota ase	R	2746	2.5376	Ota ase käteesi .
ottaa	ase	ota ase	R	2746	2.5376	Ota ase , Kate .
ottaa	ase	ota ase	R	2746	2.5376	Ota ase mukaan , kaiken varalta .
ottaa	iisisti	ota iisisti	R	2741	6.0229	Ota iisisti .
ottaa	iisisti	ota iisisti	R	2741	6.0229	"Ota iisisti , isi . "" "" Oukkidoukki , juniori ."
ottaa	iisisti	ota iisisti	R	2741	6.0229	Ota iisisti , Dickie .
ottaa	iisisti	ota iisisti	R	2741	6.0229	Ota iisisti kaveri .
ottaa	iisisti	ota iisisti	R	2741	6.0229	Ota iisisti !
ottaa	iisisti	ota iisisti	R	2741	6.0229	Ota iisisti , Capra .
ottaa	iisisti	ota iisisti	R	2741	6.0229	Ota iisisti , mä saan sut kyllä ylös .
ottaa	iisisti	ota iisisti	R	2741	6.0229	Ota iisisti ...
ottaa	iisisti	ota iisisti	R	2741	6.0229	Ota iisisti , kaveri .
ottaa	iisisti	ota iisisti	R	2741	6.0229	Ota iisisti , elät kauemmin .
ottaa	iisisti	ota iisisti	R	2741	6.0229	Ota iisisti vain .
ottaa	iisisti	ota iisisti	R	2741	6.0229	Ota iisisti , kamu .
ottaa	iisisti	ota iisisti	R	2741	6.0229	Ota iisisti , elät kauemmin
ottaa	iisisti	ota iisisti	R	2741	6.0229	Ota iisisti , Mike .
ottaa	iisisti	ota iisisti	R	2741	6.0229	Ota iisisti , Dan !
ottaa	iisisti	ota iisisti	R	2741	6.0229	Ota iisisti , Sid
ottaa	iisisti	ota iisisti	R	2741	6.0229	Ota iisisti , esikaupunkilaispoika .
ottaa	iisisti	ota iisisti	R	2741	6.0229	Ota iisisti
ottaa	iisisti	ota iisisti	R	2741	6.0229	Ota iisisti , pappa .
ottaa	iisisti	ota iisisti	R	2741	6.0229	Ota iisisti , faija .
ottaa	yksi	ota yksi	R	2735	1.5129	Ota yksi tällainen .
ottaa	yksi	ota yksi	R	2735	1.5129	Ota yksi !
ottaa	yksi	ota yksi	R	2735	1.5129	Ota yksi minun omistani .
ottaa	yksi	ota yksi	R	2735	1.5129	Ota yksi näistä .
ottaa	yksi	ota yksi	R	2735	1.5129	Ota yksi noista pöydistä
ottaa	yksi	ota yksi	R	2735	1.5129	Ota yksi turkeistasi työnnä se isoon , lihavaan ...
ottaa	yksi	ota yksi	R	2735	1.5129	Ota yksi siruistani .
ottaa	yksi	ota yksi	R	2735	1.5129	Ota yksi lippu haastattelut kestävät ...
ottaa	yksi	ota yksi	R	2735	1.5129	Ota yksi laatikoista tuo se tänne .
ottaa	yksi	ota yksi	R	2735	1.5129	Ota yksi .
ottaa	yksi	ota yksi	R	2735	1.5129	Ota yksi sukka en voi tarjota sinulle vaihtoa .
ottaa	yksi	ota yksi	R	2735	1.5129	Ota yksi , Cynthia .
ottaa	yksi	ota yksi	R	2735	1.5129	Ota yksi itsellesi .
ottaa	yksi	ota yksi	R	2735	1.5129	Ota yksi tunnissa sydänkouristuksen estämiseen .
ottaa	yksi	ota yksi	R	2735	1.5129	Ota yksi mene pois .
ottaa	yksi	ota yksi	R	2735	1.5129	Ota yksi minun kuvistani .
ottaa	yksi	ota yksi	R	2735	1.5129	Ota yksi puraise se puoliksi .
ottaa	yksi	ota yksi	R	2735	1.5129	Ota yksi meistä kaikista .
ottaa	yksi	ota yksi	R	2735	1.5129	"Siinä sanotaan "" Ota yksi . "" Etkö osaa lukea ?"
ottaa	yksi	ota yksi	R	2735	1.5129	Ota yksi lyhdyistä .
ottaa	yrittää	yrittää ottaa	L	2731	1.5536	Se yrittää ottaa meihin yhteyttä .
ottaa	yrittää	yrittää ottaa	L	2731	1.5536	Hän yrittää ottaa sormuksen
ottaa	yrittää	yrittää ottaa	L	2731	1.5536	Hän yrittää ottaa yhteyttä .
ottaa	yrittää	yrittää ottaa	L	2731	1.5536	Mitsuko on palannut yläkerran asuntoon , hän yrittää ottaa Ikukon pois !
ottaa	yrittää	yrittää ottaa	L	2731	1.5536	Hän yrittää ottaa Sormuksen .
ottaa	yrittää	yrittää ottaa	L	2731	1.5536	Elämä on lyhyt , pitää yrittää ottaa kaikki irti siitä .
ottaa	yrittää	yrittää ottaa	L	2731	1.5536	Äpärät yrittää ottaa mun pään
ottaa	yrittää	yrittää ottaa	L	2731	1.5536	Tämä henkilö , kuulemma , yrittää ottaa yhteyttä vastarintaliikkeeseen .
ottaa	yrittää	yrittää ottaa	L	2731	1.5536	Voin jatkaa kaivamista yrittää ottaa selvää enemmän .
ottaa	yrittää	yrittää ottaa	L	2731	1.5536	Sen ei olis pitäny yrittää ottaa tota asetta .
ottaa	yrittää	yrittää ottaa	L	2731	1.5536	Pelkään , näen hänet hän yrittää ottaa minut minäkin voin haluta sitä .
ottaa	yrittää	yrittää ottaa	L	2731	1.5536	Pyydän , yksi alus jää tänne , meidän paikkaamme siltä varalta Oraakkeli yrittää ottaa yhteyttä meihin .
ottaa	yrittää	yrittää ottaa	L	2731	1.5536	Keikka on minun , joku yrittää ottaa sen tapan sen .
ottaa	yrittää	yrittää ottaa	L	2731	1.5536	näin on , niin hän saattaa yrittää ottaa yhteyttä sinuun
ottaa	yrittää	yrittää ottaa	L	2731	1.5536	Nyt se yrittää ottaa sitä takaisin , enkä tiedä miksi .
ottaa	yrittää	yrittää ottaa	L	2731	1.5536	Voisimme yrittää ottaa sen kiinni kysyä .
ottaa	yrittää	yrittää ottaa	L	2731	1.5536	Luulen , hän yrittää ottaa sinut hengiltä .
ottaa	yrittää	yrittää ottaa	L	2731	1.5536	todennäköisimpänä henkilönä siihen väitätkö , ellen anna teidän yrittää ottaa yhteyttä Asgårdeihin , et edes yritä ymmärtää ?
ottaa	yrittää	yrittää ottaa	L	2731	1.5536	Hän yrittää ottaa meidät kiinni .
ottaa	yrittää	yrittää ottaa	L	2731	1.5536	Vannon , joku yrittää ottaa tyttöni ...
ottaa	vastuu	ottaa vastuuta	R	2688	4.0404	Teidän on aika ottaa vastuuta tekemisistänne .
ottaa	vastuu	ottaa vastuuta	R	2688	4.0404	Pitää ottaa vastuuta , luoda pohjaa .
ottaa	vastuu	ottaa vastuuta	R	2688	4.0404	Hitto , he eivät voi ottaa vastuuta heidän omista pieruistaan .
ottaa	vastuu	ottaa vastuuta	R	2688	4.0404	Olette synnynnäinen johtaja , ette uskalla ottaa vastuuta .
ottaa	vastuu	ottaa vastuuta	R	2688	4.0404	ottaa vastuuta harteillesi .
ottaa	vastuu	ottaa vastuuta	R	2688	4.0404	Katsos , en voi ottaa vastuuta siitä , miten vaikutan naisiin .
ottaa	vastuu	ottaa vastuuta	R	2688	4.0404	Grimsrudin kapteeni ottaa vastuuta .
ottaa	vastuu	ottaa vastuuta	R	2688	4.0404	Sinun on aika alkaa ottaa vastuuta teoistasi .
ottaa	vastuu	ottaa vastuuta	R	2688	4.0404	Etkö halunnut ottaa vastuuta teoistasi ?
ottaa	vastuu	ottaa vastuuta	R	2688	4.0404	Jonkun pitää ottaa vastuuta kasvavan jätevuoren aiheuttamasta ongelmasta .
ottaa	vastuu	ottaa vastuuta	R	2688	4.0404	Niin syvälle , etteivät ne paskat voineet ottaa vastuuta se paljastui .
ottaa	vastuu	ottaa vastuuta	R	2688	4.0404	Juutalaisista oli parempi ottaa vastuuta tapahtumista jättää ihmiset täysin SS : n armoille .
ottaa	vastuu	ottaa vastuuta	R	2688	4.0404	Varsinkaan laivasto ei halunnut ottaa vastuuta se pyysi ilmavoimia järjestämään täydellisen ilmatilan herruuden hyökkäysalueella .
ottaa	vastuu	ottaa vastuuta	R	2688	4.0404	En voi ottaa vastuuta muiden elämistä .
ottaa	vastuu	ottaa vastuuta	R	2688	4.0404	Sinun on aika ottaa vastuuta teoistasi .
ottaa	vastuu	ottaa vastuuta	R	2688	4.0404	hän ei halunnut ottaa vastuuta .
ottaa	vastuu	ottaa vastuuta	R	2688	4.0404	Miksei vain voi ottaa vastuuta teoistaan jatkaa elämää .
ottaa	vastuu	ottaa vastuuta	R	2688	4.0404	Käytä kätyreitäni , niin piirikunnan on pakko ottaa vastuuta .
ottaa	vastuu	ottaa vastuuta	R	2688	4.0404	mokaat tämän , minä en voi ottaa vastuuta siitä .
ottaa	vastuu	ottaa vastuuta	R	2688	4.0404	Et voinut ottaa vastuuta Duncanin kohtalosta .
ottaa	pois	ota pois	R	2577	1.7917	Ota pois Roomalaisten asu , se poltetaan päältäsi !
ottaa	pois	ota pois	R	2577	1.7917	Ota pois tuo asevyö .
ottaa	pois	ota pois	R	2577	1.7917	Ota pois .
ottaa	pois	ota pois	R	2577	1.7917	Ota pois kolme .
ottaa	pois	ota pois	R	2577	1.7917	Ota pois se punainen lippu .
ottaa	pois	ota pois	R	2577	1.7917	Ota pois , en tarvitse sitä siellä minne menen .
ottaa	pois	ota pois	R	2577	1.7917	Ota pois yöpukusi .
ottaa	pois	ota pois	R	2577	1.7917	Ota pois se !
ottaa	pois	ota pois	R	2577	1.7917	Ota pois vain .
ottaa	pois	ota pois	R	2577	1.7917	Ota pois korvasi .
ottaa	pois	ota pois	R	2577	1.7917	Ota pois se .
ottaa	pois	ota pois	R	2577	1.7917	Ota pois
ottaa	pois	ota pois	R	2577	1.7917	Ota pois kaikki vaatteesi tässä nyt , niin tuplaan vuositulosi .
ottaa	pois	ota pois	R	2577	1.7917	Ota pois !
ottaa	pois	ota pois	R	2577	1.7917	Ota pois nuo pirun aurinkolasit .
ottaa	pois	ota pois	R	2577	1.7917	Ota pois tuo typerä saatanan paita heti !
ottaa	pois	ota pois	R	2577	1.7917	Ota pois vaan .
ottaa	pois	ota pois	R	2577	1.7917	Ota pois sen mutka .
ottaa	pois	ota pois	R	2577	1.7917	Ota pois jätä rauhaan .
ottaa	pois	ota pois	R	2577	1.7917	Ota pois tuotanto , se vaikuttaa koko eläinkuntaan .
ottaa	rennosti	ota rennosti	R	2237	6.0012	Ota rennosti !
ottaa	rennosti	ota rennosti	R	2237	6.0012	Ota rennosti .
ottaa	rennosti	ota rennosti	R	2237	6.0012	Ota rennosti ?
ottaa	rennosti	ota rennosti	R	2237	6.0012	Ota rennosti tilaa juotavaa .
ottaa	rennosti	ota rennosti	R	2237	6.0012	Ota rennosti , Mike .
ottaa	rennosti	ota rennosti	R	2237	6.0012	Ota rennosti , Jannie .
ottaa	rennosti	ota rennosti	R	2237	6.0012	Ota rennosti , olen vierelläsi koko ajan .
ottaa	rennosti	ota rennosti	R	2237	6.0012	Ota rennosti , Hemingway .
ottaa	rennosti	ota rennosti	R	2237	6.0012	Ota rennosti , isä .
ottaa	rennosti	ota rennosti	R	2237	6.0012	Ota rennosti nauti .
ottaa	rennosti	ota rennosti	R	2237	6.0012	Ota rennosti
ottaa	rennosti	ota rennosti	R	2237	6.0012	Ota rennosti , Bruton .
ottaa	rennosti	ota rennosti	R	2237	6.0012	Ota rennosti , Tiikeri .
ottaa	rennosti	ota rennosti	R	2237	6.0012	Ota rennosti , Hel.
ottaa	rennosti	ota rennosti	R	2237	6.0012	Ota rennosti , köriläs .
ottaa	rennosti	ota rennosti	R	2237	6.0012	Ota rennosti , Homer .
ottaa	rennosti	ota rennosti	R	2237	6.0012	Ota rennosti , Bando .
ottaa	rennosti	ota rennosti	R	2237	6.0012	Ota rennosti vaan !
ottaa	rennosti	ota rennosti	R	2237	6.0012	Ota rennosti Tappaja , hyvin sinulle tulee käymään .
ottaa	rennosti	ota rennosti	R	2237	6.0012	Ota rennosti avaudu .
ottaa	uusi	otetaan uusiksi	R	2156	1.7815	Otetaan uusiksi vartin kuluttua .
ottaa	uusi	otetaan uusiksi	R	2156	1.7815	Otetaan uusiksi , Frank.
ottaa	uusi	otetaan uusiksi	R	2156	1.7815	Otetaan uusiksi .
ottaa	uusi	otetaan uusiksi	R	2156	1.7815	Otetaan uusiksi vaan .
ottaa	uusi	otetaan uusiksi	R	2156	1.7815	Otetaan uusiksi !
ottaa	uusi	otetaan uusiksi	R	2156	1.7815	Otetaan uusiksi , koira oli edessä .
ottaa	uusi	otetaan uusiksi	R	2156	1.7815	Otetaan uusiksi pian .
ottaa	uusi	otetaan uusiksi	R	2156	1.7815	Otetaan uusiksi
ottaa	uusi	otetaan uusiksi	R	2156	1.7815	Otetaan uusiksi lauantaina .
ottaa	uusi	otetaan uusiksi	R	2156	1.7815	""" Otetaan uusiksi . "" Siihen ei oikein ole sopivaa ilmaisua ."
ottaa	uusi	otetaan uusiksi	R	2156	1.7815	Otetaan uusiksi aivan alusta .
ottaa	uusi	otetaan uusiksi	R	2156	1.7815	Otetaan uusiksi toiste .
ottaa	uusi	otetaan uusiksi	R	2156	1.7815	Otetaan uusiksi tahdista 420.
ottaa	uusi	otetaan uusiksi	R	2156	1.7815	Otetaan uusiksi ensi viikolla .
ottaa	uusi	otetaan uusiksi	R	2156	1.7815	Otetaan uusiksi , sähkön kera .
ottaa	uusi	otetaan uusiksi	R	2156	1.7815	"Hän saattoi minut metroon sanoi : "" "" Otetaan uusiksi . "" """
ottaa	uusi	otetaan uusiksi	R	2156	1.7815	""" "" Otetaan uusiksi . "" "" Sehän on hyvä ."
ottaa	uusi	otetaan uusiksi	R	2156	1.7815	"Hän saattoi minut metroon sanoi : "" Otetaan uusiksi . """
ottaa	uusi	otetaan uusiksi	R	2156	1.7815	""" Otetaan uusiksi . "" Sehän on hyvä ."
ottaa	uusi	otetaan uusiksi	R	2156	1.7815	Otetaan uusiksi joskus .
ottaa	vähän	ota vähän	R	2132	2.0530	Ota vähän viiniä .
ottaa	vähän	ota vähän	R	2132	2.0530	Ota vähän iisimmin tämän kanssa .
ottaa	vähän	ota vähän	R	2132	2.0530	Ota vähän pakkia .
ottaa	vähän	ota vähän	R	2132	2.0530	Ota vähän lisää viiniä .... kerro siitä , harjoittelit kielisuudelmia .
ottaa	vähän	ota vähän	R	2132	2.0530	Ota vähän rahaa , joudut tulemaan taksilla .
ottaa	vähän	ota vähän	R	2132	2.0530	Ota vähän tuosta ...
ottaa	vähän	ota vähän	R	2132	2.0530	Ota vähän .
ottaa	vähän	ota vähän	R	2132	2.0530	Ota vähän vettä .
ottaa	vähän	ota vähän	R	2132	2.0530	Ota vähän rapuja laukkuusi , voit syödä ne myöhemmin .
ottaa	vähän	ota vähän	R	2132	2.0530	Ota vähän kanaa .
ottaa	vähän	ota vähän	R	2132	2.0530	Ota vähän muroja .
ottaa	vähän	ota vähän	R	2132	2.0530	Ota vähän hedelmää .
ottaa	vähän	ota vähän	R	2132	2.0530	Ota vähän lisää .
ottaa	vähän	ota vähän	R	2132	2.0530	Ota vähän tätä ...
ottaa	vähän	ota vähän	R	2132	2.0530	Ota vähän Amaroa .
ottaa	vähän	ota vähän	R	2132	2.0530	Ota vähän kahvia .
ottaa	vähän	ota vähän	R	2132	2.0530	Ota vähän vauhtia .
ottaa	vähän	ota vähän	R	2132	2.0530	Ota vähän Iisää .
ottaa	vähän	ota vähän	R	2132	2.0530	Ota vähän riisimuroja , kultaseni .
ottaa	vähän	ota vähän	R	2132	2.0530	Ota vähän piirakkaa .
ottaa	asia	ottaa asian	R	2045	1.0362	Odottakaa , hän ottaa asian itse puheeksi .
ottaa	asia	ottaa asian	R	2045	1.0362	Hän ei vain irvaile kuten toiset , ottaa asian vakavasti .
ottaa	asia	ottaa asian	R	2045	1.0362	Simon saa itse ottaa asian esiin .
ottaa	asia	ottaa asian	R	2045	1.0362	Hän ottaa asian raskaasti , he olivat ennen naimisissa .
ottaa	asia	ottaa asian	R	2045	1.0362	Voin ottaa asian puheeksi .
ottaa	asia	ottaa asian	R	2045	1.0362	Voit tietysti ottaa asian esille ulkoministeriössä .
ottaa	asia	ottaa asian	R	2045	1.0362	Ei , ehkä 15. treffeillämme , 30. treffeillämme päätimme asua yhdessä olisit voinut ottaa asian puheeksi .
ottaa	asia	ottaa asian	R	2045	1.0362	Voisinko siinä tapauksessa ottaa asian esille paremmassa paikassa aikana ?
ottaa	asia	ottaa asian	R	2045	1.0362	Max ottaa asian raskaasi .
ottaa	asia	ottaa asian	R	2045	1.0362	Hän jää ilman ottaa asian omiin käsiinsä .
ottaa	asia	ottaa asian	R	2045	1.0362	saan ottaa asian puheeksi ?
ottaa	asia	ottaa asian	R	2045	1.0362	Lupaan ottaa asian puheeksi hänen kanssaan .
ottaa	asia	ottaa asian	R	2045	1.0362	Voisin ottaa asian hoitaakseni vapaa-ajallani .
ottaa	asia	ottaa asian	R	2045	1.0362	Miten voit ottaa asian niin tyynesti ?
ottaa	asia	ottaa asian	R	2045	1.0362	Media ottaa asian hampaisiinsa .
ottaa	asia	ottaa asian	R	2045	1.0362	Lupaan ottaa asian huomioon .
ottaa	asia	ottaa asian	R	2045	1.0362	Miten voit ottaa asian noin kevyesti ?
ottaa	asia	ottaa asian	R	2045	1.0362	Kehtaatkin ottaa asian esille .
ottaa	asia	ottaa asian	R	2045	1.0362	Soittakaa minulle haluatte ottaa asian vakavammin .
ottaa	asia	ottaa asian	R	2045	1.0362	Jack sanoi , lautakunta aikoo ottaa asian käsiteltäväksi .
ottaa	lääke	ottaa lääkkeensä	R	1852	3.8113	Katso , hän ottaa lääkkeensä .
ottaa	lääke	ottaa lääkkeensä	R	1852	3.8113	Hän ottaa lääkkeensä pulverina .
ottaa	lääke	ottaa lääkkeensä	R	1852	3.8113	Debbie unohdi ottaa lääkkeensä tänään .
ottaa	lääke	ottaa lääkkeensä	R	1852	3.8113	Katso hän ottaa lääkkeensä .
ottaa	lääke	ottaa lääkkeensä	R	1852	3.8113	Ehkä hän on unohtanut ottaa lääkkeensä .
ottaa	lääke	ottaa lääkkeensä	R	1852	3.8113	Hänen täytyy ottaa lääkkeensä .
ottaa	lääke	ottaa lääkkeensä	R	1852	3.8113	On huono juttu , sairas unohtaa ottaa lääkkeensä .
ottaa	lääke	ottaa lääkkeensä	R	1852	3.8113	Pidä huoli , hän ottaa lääkkeensä , ole hiljaa .
ottaa	lääke	ottaa lääkkeensä	R	1852	3.8113	Hänen pitäisi ottaa lääkkeensä , ei ole ottanut niitä .
ottaa	lääke	ottaa lääkkeensä	R	1852	3.8113	Ilmeisesti hän unohti ottaa lääkkeensä aamulla .
ottaa	lääke	ottaa lääkkeensä	R	1852	3.8113	Äidin piti vain ottaa lääkkeensä hän nuuski isän erikoista työtä .
ottaa	lääke	ottaa lääkkeensä	R	1852	3.8113	, Debbie unohti ottaa lääkkeensä tänään .
ottaa	lääke	ottaa lääkkeensä	R	1852	3.8113	Luulen , hän unohti ottaa lääkkeensä tänä aamuna .
ottaa	lääke	ottaa lääkkeensä	R	1852	3.8113	hänellä on edelleen kaksisuuntainen mielialahäiriö , hänen täytyy ottaa lääkkeensä .
ottaa	lääke	ottaa lääkkeensä	R	1852	3.8113	Hänen on nyt aika mennä fysioterapiaan ottaa lääkkeensä .
ottaa	lääke	ottaa lääkkeensä	R	1852	3.8113	Vaimoni taisi unohtaa ottaa lääkkeensä tänä aamuna .
ottaa	lääke	ottaa lääkkeensä	R	1852	3.8113	Siinä tapauksessa he unohtivat ottaa lääkkeensä .
ottaa	lääke	ottaa lääkkeensä	R	1852	3.8113	Hänen pitää ottaa lääkkeensä .
ottaa	lääke	ottaa lääkkeensä	R	1852	3.8113	Tohtorin pitäisi ottaa lääkkeensä .
ottaa	lääke	ottaa lääkkeensä	R	1852	3.8113	He halusivat ottaa lääkkeensä lähteä .
ottaa	vielä	otetaan vielä	R	1750	1.1683	Otetaan vielä sipsejä .
ottaa	vielä	otetaan vielä	R	1750	1.1683	Otetaan vielä toinen kierros !
ottaa	vielä	otetaan vielä	R	1750	1.1683	Otetaan vielä kerran alusta .
ottaa	vielä	otetaan vielä	R	1750	1.1683	Otetaan vielä toinen ...
ottaa	vielä	otetaan vielä	R	1750	1.1683	Otetaan vielä yksi kierros .
ottaa	vielä	otetaan vielä	R	1750	1.1683	Otetaan vielä pasuunat , vähän puhtaammin .
ottaa	vielä	otetaan vielä	R	1750	1.1683	Otetaan vielä yksi kierros lähdetään sitten .
ottaa	vielä	otetaan vielä	R	1750	1.1683	Otetaan vielä kerran .
ottaa	vielä	otetaan vielä	R	1750	1.1683	Otetaan vielä yhdet .
ottaa	vielä	otetaan vielä	R	1750	1.1683	Otetaan vielä mukaan FBI , niin teemme hattutempun .
ottaa	vielä	otetaan vielä	R	1750	1.1683	Otetaan vielä kaksi potilasta kumpikin .
ottaa	vielä	otetaan vielä	R	1750	1.1683	Otetaan vielä yhdet näytteet .
ottaa	vielä	otetaan vielä	R	1750	1.1683	Otetaan vielä yhdet drinkit .
ottaa	vielä	otetaan vielä	R	1750	1.1683	Otetaan vielä yksi .
ottaa	vielä	otetaan vielä	R	1750	1.1683	Otetaan vielä pienet .
ottaa	vielä	otetaan vielä	R	1750	1.1683	Otetaan vielä .
ottaa	vielä	otetaan vielä	R	1750	1.1683	Otetaan vielä yksi drinkki , niin ehkä sitten kerron sinulle .
ottaa	vielä	otetaan vielä	R	1750	1.1683	Otetaan vielä viimeiset paukut .
ottaa	vielä	otetaan vielä	R	1750	1.1683	Otetaan vielä toinen .
ottaa	vielä	otetaan vielä	R	1750	1.1683	Otetaan vielä kerran ihan omin sanoin .
ottaa	joten	joten otin	L	1684	1.7107	Luulin filmin olevan arvokas , joten otin sen .
ottaa	joten	joten otin	L	1684	1.7107	Hämmennyin , joten otin kirjasi .
ottaa	joten	joten otin	L	1684	1.7107	He veivät minut siihen ravintolaan , joten otin siellä pari olutta .
ottaa	joten	joten otin	L	1684	1.7107	Asiat eivät edenneet , joten otin käyttööni salaisen aseen .
ottaa	joten	joten otin	L	1684	1.7107	Sitten löysin sormuksen , jonka isä antoi uudelle äidille joten otin sen heitin jokeen .
ottaa	joten	joten otin	L	1684	1.7107	isäni sai sydänkohtauksen , hänen oli pakko lopettaa , joten otin asiat hoitaakseni .
ottaa	joten	joten otin	L	1684	1.7107	Näin maassa miehen , jolla oli nilkkakotelo , joten otin hänen aseensa .
ottaa	joten	joten otin	L	1684	1.7107	Ei ollut paljon valinnanvaraa , joten otin jotain pientä sinulle .
ottaa	joten	joten otin	L	1684	1.7107	En voinut odottaa CIA: n byrokratiaa , joten otin yhteyttä kaikkiin , jotka tunsivat hänet , liikkuivat samoissa piireissä .
ottaa	joten	joten otin	L	1684	1.7107	Virkailija joka päästi hänet läpi , tunnisti hänet kuvauksestani , joten otin selvää hänestä .
ottaa	joten	joten otin	L	1684	1.7107	Mitään ei ole tapahtunut , joten otin asian esille .
ottaa	joten	joten otin	L	1684	1.7107	Martineja ei tehdä enää , joten otin meille rommikolat .
ottaa	joten	joten otin	L	1684	1.7107	Valmistautuessani Maassa tähän tehtävään , ajattelin täällä saattaa mennä hieman pidempään , joten otin mukaan kirjan jonka lukemiseen menee hyvä tovi .
ottaa	joten	joten otin	L	1684	1.7107	En tiennyt mistä pitäisit , joten otin hieman kaikkia .
ottaa	joten	joten otin	L	1684	1.7107	Tiesin , minun piti ottaa ase , joten otin sen , ammuin ...
ottaa	joten	joten otin	L	1684	1.7107	Niin minäkin ajattelin , joten otin mukaan erittäin kykenevän vapaaehtoisen .
ottaa	joten	joten otin	L	1684	1.7107	Oli murheellista hän edes päätyi tänne , joten otin hänet siivoamaan toimistoa .
ottaa	joten	joten otin	L	1684	1.7107	Moraali oli vasta romahtamassa minä olin haluton olemaan vihreän laitumeni loistossa metriä korkeana jokaisen miehen , naisen lapsen nähtävissä joten otin tuon unelmani pienen perhosen panin sen purkkiin hyllylle .
ottaa	joten	joten otin	L	1684	1.7107	Hän ei noutanut sitä , joten otin sen .
ottaa	joten	joten otin	L	1684	1.7107	Epäilin jotain , joten otin sen , ennen se paloi poroksi .
ottaa	lisää	otatko lisää	R	1616	2.7257	Otatko lisää ?
ottaa	lisää	otatko lisää	R	1616	2.7257	Otatko lisää Pepsiä ?
ottaa	lisää	otatko lisää	R	1616	2.7257	Otatko lisää kahvia ?
ottaa	lisää	otatko lisää	R	1616	2.7257	Otatko lisää spagettia ?
ottaa	lisää	otatko lisää	R	1616	2.7257	Otatko lisää viiniä ?
ottaa	lisää	otatko lisää	R	1616	2.7257	Otatko lisää viiniä juuston kanssa ?
ottaa	lisää	otatko lisää	R	1616	2.7257	Otatko lisää olutta ?
ottaa	lisää	otatko lisää	R	1616	2.7257	Otatko lisää juotavaa ?
ottaa	lisää	otatko lisää	R	1616	2.7257	Otatko lisää limettipiirasta ?
ottaa	lisää	otatko lisää	R	1616	2.7257	Otatko lisää samppanjaa ?
ottaa	lisää	otatko lisää	R	1616	2.7257	Otatko lisää ilojuomaa , Claire ?
ottaa	lisää	otatko lisää	R	1616	2.7257	Otatko lisää teetä , Emily ?
ottaa	lisää	otatko lisää	R	1616	2.7257	Otatko lisää , kulta ?
ottaa	lisää	otatko lisää	R	1616	2.7257	Otatko lisää kuvia ?
ottaa	lisää	otatko lisää	R	1616	2.7257	Otatko lisää Cold Duckia ?
ottaa	lisää	otatko lisää	R	1616	2.7257	Otatko lisää keittoa ?
ottaa	lisää	otatko lisää	R	1616	2.7257	Otatko lisää kahvia , Lars ?
ottaa	lisää	otatko lisää	R	1616	2.7257	Otatko lisää lihaa ?
ottaa	lisää	otatko lisää	R	1616	2.7257	Otatko lisää ketsuppia ?
ottaa	lisää	otatko lisää	R	1616	2.7257	Otatko lisää jäätelöä ?
ottaa	auto	ota auto	R	1506	1.5300	Ota auto numero viisi .
ottaa	auto	ota auto	R	1506	1.5300	Ota auto etsi hänet !
ottaa	auto	ota auto	R	1506	1.5300	Ota auto .
ottaa	auto	ota auto	R	1506	1.5300	Ota auto vie Anthony takaisin koululle .
ottaa	auto	ota auto	R	1506	1.5300	Ota auto häivy .
ottaa	auto	ota auto	R	1506	1.5300	Ota auto !
ottaa	auto	ota auto	R	1506	1.5300	Ota auto vie hänet .
ottaa	auto	ota auto	R	1506	1.5300	Ota auto lähde pois täältä .
ottaa	auto	ota auto	R	1506	1.5300	Ota auto mene .
ottaa	auto	ota auto	R	1506	1.5300	Ota auto tee testi .
ottaa	auto	ota auto	R	1506	1.5300	Ota auto , mene järvelle selvitä se , minkä pystyt .
ottaa	auto	ota auto	R	1506	1.5300	Ota auto , älä satuta minua .
ottaa	auto	ota auto	R	1506	1.5300	Ota auto , tee yksi asia vuokseni .
ottaa	auto	ota auto	R	1506	1.5300	Ota auto , Ulrik.
ottaa	auto	ota auto	R	1506	1.5300	Ota auto , menetä vaimo .
ottaa	auto	ota auto	R	1506	1.5300	Ota auto ?
ottaa	auto	ota auto	R	1506	1.5300	Ota auto , aja sairaalalle selvitä , kuka käy viattomien kimppuun .
ottaa	auto	ota auto	R	1506	1.5300	Ota auto , mene järvelle ota selvää asioista .
ottaa	auto	ota auto	R	1506	1.5300	Ota auto häivy täältä .
ottaa	auto	ota auto	R	1506	1.5300	Ota auto mene kertomaan Jakelle .
ottaa	kaksi	ota kaksi	R	1476	1.1730	Ota kaksi miestä mukaasi kierrä sivulle .
ottaa	kaksi	ota kaksi	R	1476	1.1730	Ota kaksi näitä .
ottaa	kaksi	ota kaksi	R	1476	1.1730	Ota kaksi ennen nukkumaanmenoa .
ottaa	kaksi	ota kaksi	R	1476	1.1730	Ota kaksi .
ottaa	kaksi	ota kaksi	R	1476	1.1730	Ota kaksi tonnia .
ottaa	kaksi	ota kaksi	R	1476	1.1730	Ota kaksi nuku kunnolla , lähetän laskun aamulla .
ottaa	kaksi	ota kaksi	R	1476	1.1730	Ota kaksi nuku kunnolla .
ottaa	kaksi	ota kaksi	R	1476	1.1730	Ota kaksi tällaista kipuun joka 12: ta tunti .
ottaa	kaksi	ota kaksi	R	1476	1.1730	Ota kaksi askelta siitä .
ottaa	kaksi	ota kaksi	R	1476	1.1730	Ota kaksi lippua sunnuntain peliin .
ottaa	kaksi	ota kaksi	R	1476	1.1730	Ota kaksi miestä , menkää tuonne .
ottaa	kaksi	ota kaksi	R	1476	1.1730	Ota kaksi askelta eteenpäin .
ottaa	kaksi	ota kaksi	R	1476	1.1730	Ota kaksi päivittäin .
ottaa	kaksi	ota kaksi	R	1476	1.1730	Ota kaksi
ottaa	kaksi	ota kaksi	R	1476	1.1730	Ota kaksi miestä .
ottaa	kaksi	ota kaksi	R	1476	1.1730	Ota kaksi , mitä sitten tilasitkin .
ottaa	kaksi	ota kaksi	R	1476	1.1730	Ota kaksi alasinta soita minulle aamulla .
ottaa	kaksi	ota kaksi	R	1476	1.1730	Ota kaksi miestä mukaasi .
ottaa	kaksi	ota kaksi	R	1476	1.1730	Ota kaksi , sattuu onnistamaan .
ottaa	kaksi	ota kaksi	R	1476	1.1730	Ota kaksi Jimmy Woodsilta .
ottaa	tarkalleen	tarkalleen ottaen	L	1420	4.5469	Kirurgin , tarkalleen ottaen .
ottaa	tarkalleen	tarkalleen ottaen	L	1420	4.5469	Ei se ole ongelma , mikä tarkalleen ottaen on huonosti ?
ottaa	tarkalleen	tarkalleen ottaen	L	1420	4.5469	Massamurhaaja , tarkalleen ottaen
ottaa	tarkalleen	tarkalleen ottaen	L	1420	4.5469	mitä sinä tarkalleen ottaen tajua ?
ottaa	tarkalleen	tarkalleen ottaen	L	1420	4.5469	Vuoden jälkeen tarkalleen ottaen .
ottaa	tarkalleen	tarkalleen ottaen	L	1420	4.5469	Mitä siinä tarkalleen ottaen on ?
ottaa	tarkalleen	tarkalleen ottaen	L	1420	4.5469	Minkälaista mikä on , tarkalleen ottaen ?
ottaa	tarkalleen	tarkalleen ottaen	L	1420	4.5469	, et sinäkään tarkalleen ottaen levittänyt punaista mattoa .
ottaa	tarkalleen	tarkalleen ottaen	L	1420	4.5469	Tämä ei ole tarkalleen ottaen Vegas , eikä tämä ole tarkalleen ottaen laillista .
ottaa	tarkalleen	tarkalleen ottaen	L	1420	4.5469	Mitä tarkalleen ottaen oikein etsimme täällä ?
ottaa	tarkalleen	tarkalleen ottaen	L	1420	4.5469	Kuinka monta lautaa tarkalleen ottaen tarvitsette ?
ottaa	tarkalleen	tarkalleen ottaen	L	1420	4.5469	miten tämä tarkalleen ottaen tapahtui ?
ottaa	tarkalleen	tarkalleen ottaen	L	1420	4.5469	Mitä tarkalleen ottaen tapahtui laiv ... laivallesi ?
ottaa	tarkalleen	tarkalleen ottaen	L	1420	4.5469	Missä te tarkalleen ottaen ootte ?
ottaa	tarkalleen	tarkalleen ottaen	L	1420	4.5469	Miksi tarkalleen ottaen ?
ottaa	tarkalleen	tarkalleen ottaen	L	1420	4.5469	Mistä olet tarkalleen ottaen kotoisin ?
ottaa	tarkalleen	tarkalleen ottaen	L	1420	4.5469	kuinka meidän tarkalleen ottaen pitäisi se tehdä ?
ottaa	tarkalleen	tarkalleen ottaen	L	1420	4.5469	mitä tarkalleen ottaen haluat vastineeksi ?
ottaa	tarkalleen	tarkalleen ottaen	L	1420	4.5469	miljoonaa , tuhatta , tarkalleen ottaen .
ottaa	tarkalleen	tarkalleen ottaen	L	1420	4.5469	mitä hän tarkalleen ottaen sanoi ?
ottaa	juotava	otatko juotavaa	R	1408	4.2605	Otatko juotavaa ?
ottaa	juotava	otatko juotavaa	R	1408	4.2605	Otatko juotavaa .. ?
ottaa	juotava	otatko juotavaa	R	1408	4.2605	Otatko juotavaa ennen sivallat minua ?
ottaa	juotava	otatko juotavaa	R	1408	4.2605	Otatko juotavaa , George ?
ottaa	juotava	otatko juotavaa	R	1408	4.2605	Otatko juotavaa syötävää ?
ottaa	juotava	otatko juotavaa	R	1408	4.2605	Otatko juotavaa lounaan kanssa ?
ottaa	juotava	otatko juotavaa	R	1408	4.2605	Otatko juotavaa , Jack ?
ottaa	juotava	otatko juotavaa	R	1408	4.2605	Otatko juotavaa , Billy ?
ottaa	juotava	otatko juotavaa	R	1408	4.2605	Otatko juotavaa , George .
ottaa	juotava	otatko juotavaa	R	1408	4.2605	Otatko juotavaa sen kanssa ?
ottaa	juotava	otatko juotavaa	R	1408	4.2605	Otatko juotavaa , Changez ?
ottaa	juotava	otatko juotavaa	R	1408	4.2605	Otatko juotavaa , Jason ?
ottaa	juotava	otatko juotavaa	R	1408	4.2605	Otatko juotavaa , Ace ?
ottaa	juotava	otatko juotavaa	R	1408	4.2605	Toivottavasti on helpompi ... Otatko juotavaa ?
ottaa	juotava	otatko juotavaa	R	1408	4.2605	Otatko juotavaa , Isobel?
ottaa	juotava	otatko juotavaa	R	1408	4.2605	Otatko juotavaa , siskoseni ?
ottaa	juotava	otatko juotavaa	R	1408	4.2605	Otatko juotavaa .
ottaa	juotava	otatko juotavaa	R	1408	4.2605	Otatko juotavaa , Betty ?
ottaa	juotava	otatko juotavaa	R	1408	4.2605	Otatko juotavaa , Alec ?
ottaa	juotava	otatko juotavaa	R	1408	4.2605	Otatko juotavaa , rekkamies ?
ottaa	osata	otan osaa	R	1408	1.8782	Otan osaa isäsi kuoleman johdosta .
ottaa	osata	otan osaa	R	1408	1.8782	Otan osaa sun muuta sontaa .
ottaa	osata	otan osaa	R	1408	1.8782	Otan osaa sukulaispoikasi kuoleman takia .
ottaa	osata	otan osaa	R	1408	1.8782	Otan osaa tarkastaja Duvalin takia .
ottaa	osata	otan osaa	R	1408	1.8782	Otan osaa kohtaloosi .
ottaa	osata	otan osaa	R	1408	1.8782	Otan osaa perheesi takia .
ottaa	osata	otan osaa	R	1408	1.8782	Otan osaa ystävyytemme tähden .
ottaa	osata	otan osaa	R	1408	1.8782	Otan osaa suruunne .
ottaa	osata	otan osaa	R	1408	1.8782	Otan osaa suruusi .
ottaa	osata	otan osaa	R	1408	1.8782	Otan osaa surunne .
ottaa	osata	otan osaa	R	1408	1.8782	Otan osaa vaarisi vuoksi .
ottaa	osata	otan osaa	R	1408	1.8782	Otan osaa menetykseesi .
ottaa	osata	otan osaa	R	1408	1.8782	Otan osaa menetyksenne johdosta .
ottaa	osata	otan osaa	R	1408	1.8782	Otan osaa äidistäsi .
ottaa	osata	otan osaa	R	1408	1.8782	Otan osaa siskosi puolesta .
ottaa	osata	otan osaa	R	1408	1.8782	Otan osaa äitisi kuoleman johdosta .
ottaa	osata	otan osaa	R	1408	1.8782	Otan osaa toverisi takia , toveri .
ottaa	osata	otan osaa	R	1408	1.8782	Otan osaa menetyksenne vuoksi .
ottaa	osata	otan osaa	R	1408	1.8782	Otan osaa menetyksesi johdosta .
ottaa	osata	otan osaa	R	1408	1.8782	Otan osaa sulhasenne takia .
ottaa	kahvi	otatko kahvia	R	1342	3.1367	Otatko kahvia , Freddy ?
ottaa	kahvi	otatko kahvia	R	1342	3.1367	Otatko kahvia ?
ottaa	kahvi	otatko kahvia	R	1342	3.1367	Otatko kahvia sokerisi kanssa ?
ottaa	kahvi	otatko kahvia	R	1342	3.1367	Otatko kahvia , Gwen ?
ottaa	kahvi	otatko kahvia	R	1342	3.1367	Otatko kahvia , Henri ?
ottaa	kahvi	otatko kahvia	R	1342	3.1367	Otatko kahvia teetä ?
ottaa	kahvi	otatko kahvia	R	1342	3.1367	Otatko kahvia sen kanssa ?
ottaa	kahvi	otatko kahvia	R	1342	3.1367	Otatko kahvia , Karl ?
ottaa	kahvi	otatko kahvia	R	1342	3.1367	Otatko kahvia kirsikkakakkua ?
ottaa	kahvi	otatko kahvia	R	1342	3.1367	Otatko kahvia ...
ottaa	kahvi	otatko kahvia	R	1342	3.1367	Otatko kahvia , Lowell?
ottaa	kahvi	otatko kahvia	R	1342	3.1367	Otatko kahvia , Mikael?
ottaa	kahvi	otatko kahvia	R	1342	3.1367	Otatko kahvia , Duane ?
ottaa	kahvi	otatko kahvia	R	1342	3.1367	Otatko kahvia vettä ?
ottaa	kahvi	otatko kahvia	R	1342	3.1367	Otatko kahvia , kaadanko sen pois ?
ottaa	kahvi	otatko kahvia	R	1342	3.1367	Otatko kahvia , Walker ?
ottaa	kahvi	otatko kahvia	R	1342	3.1367	Otatko kahvia , Alan ?
ottaa	kahvi	otatko kahvia	R	1342	3.1367	Otatko kahvia , kokelas ?
ottaa	kahvi	otatko kahvia	R	1342	3.1367	Otatko kahvia , poika ?
ottaa	kahvi	otatko kahvia	R	1342	3.1367	Otatko kahvia sen sokerin kanssa ?
ottaa	pari	ottaa pari	R	1334	2.1195	Voisimme ottaa pari ystävyysmatsia juttelun lomassa , mitä ?
ottaa	pari	ottaa pari	R	1334	2.1195	Voisimmeko ottaa pari kuvaa ?
ottaa	pari	ottaa pari	R	1334	2.1195	Minä haluaisin ottaa pari kuvaa ...
ottaa	pari	ottaa pari	R	1334	2.1195	Ehkä voimme ottaa pari mukaan .
ottaa	pari	ottaa pari	R	1334	2.1195	nyt pitäisi oppia paljon uutta ... joten haluat , voisin mennä collegeen ottaa pari kurssia .
ottaa	pari	ottaa pari	R	1334	2.1195	Kaipa voin ottaa pari päivää vapaata töistä .
ottaa	pari	ottaa pari	R	1334	2.1195	""" Anna minun ottaa pari tippaa verta "" , sanoi Aabraham."
ottaa	pari	ottaa pari	R	1334	2.1195	Voinko ottaa pari kuvaa ?
ottaa	pari	ottaa pari	R	1334	2.1195	Takaa pitää ottaa pari senttiä sisään .
ottaa	pari	ottaa pari	R	1334	2.1195	siitä ei ole liikaa vaivaa , niin ehkä voisit ottaa pari valokuvaa tuosta , mikä ei lainkaan näytä sarvipäiseltä pedolta .
ottaa	pari	ottaa pari	R	1334	2.1195	Ajattelin , voimme ottaa pari ihmistä mukaan New Yorkiin .
ottaa	pari	ottaa pari	R	1334	2.1195	Voimmeko ottaa pari kuvaa ?
ottaa	pari	ottaa pari	R	1334	2.1195	Hän on tainnut ottaa pari liikaa .
ottaa	pari	ottaa pari	R	1334	2.1195	Voisihan sitä ottaa pari kanankoipea .
ottaa	pari	ottaa pari	R	1334	2.1195	Ajattelin odotellessa ottaa pari puhelua .
ottaa	pari	ottaa pari	R	1334	2.1195	Taisitte ottaa pari koneessa .
ottaa	pari	ottaa pari	R	1334	2.1195	hän häviää , istuva pormestari voi ottaa pari iskua .
ottaa	pari	ottaa pari	R	1334	2.1195	Minäkin aion ottaa pari kaljaa .
ottaa	pari	ottaa pari	R	1334	2.1195	amerikkalainen ottaa pari drinkkiä ennen aamukymmentä , hän tuskin jättää sitä siihen .
ottaa	pari	ottaa pari	R	1334	2.1195	Voisi olla hyvä ajatus ottaa pari askelta taaemmas .
ottaa	ohja	ottaa ohjat	R	1291	5.6655	Täällä ei ole ketään , joka osaisi ottaa ohjat käsiinsä .
ottaa	ohja	ottaa ohjat	R	1291	5.6655	Sinun vuorosi ottaa ohjat .
ottaa	ohja	ottaa ohjat	R	1291	5.6655	Tuon takia sinun pitäisi ottaa ohjat .
ottaa	ohja	ottaa ohjat	R	1291	5.6655	kokeenne taisi juuri ottaa ohjat käsiinsä .
ottaa	ohja	ottaa ohjat	R	1291	5.6655	Sindone ottaa ohjat käsiinsä .
ottaa	ohja	ottaa ohjat	R	1291	5.6655	Jerry on oikeassa Octonal ottaa ohjat , minä olen kusessa .
ottaa	ohja	ottaa ohjat	R	1291	5.6655	Pilotti ottaa ohjat käsiinsä .
ottaa	ohja	ottaa ohjat	R	1291	5.6655	onko sinulla rohkeutta ottaa ohjat ?
ottaa	ohja	ottaa ohjat	R	1291	5.6655	Haluatko ottaa ohjat ?
ottaa	ohja	ottaa ohjat	R	1291	5.6655	minulle käy jotain , Rodzinski ottaa ohjat .
ottaa	ohja	ottaa ohjat	R	1291	5.6655	Aiotko antaa minun ottaa ohjat käsiin ?
ottaa	ohja	ottaa ohjat	R	1291	5.6655	sinä olet tehnyt tehtäväsi , Dillon arvioi tilanteen ottaa ohjat .
ottaa	ohja	ottaa ohjat	R	1291	5.6655	Tahdon aina ottaa ohjat käsiini .
ottaa	ohja	ottaa ohjat	R	1291	5.6655	Nicky halusi ottaa ohjat .
ottaa	ohja	ottaa ohjat	R	1291	5.6655	Perillä äiti ottaa ohjat .
ottaa	ohja	ottaa ohjat	R	1291	5.6655	Peggy Peabody astuu syrjään hänen tyttärensä Helena ottaa ohjat .
ottaa	ohja	ottaa ohjat	R	1291	5.6655	Sitten epäilys ottaa ohjat muutut sopertelevaksi ääliöksi .
ottaa	ohja	ottaa ohjat	R	1291	5.6655	Ajattelin voivani pelata heidän peliään katsoa hänen kuolevan , ottaa ohjat omiin käsiini .
ottaa	ohja	ottaa ohjat	R	1291	5.6655	Sinun pitää ottaa ohjat .
ottaa	ohja	ottaa ohjat	R	1291	5.6655	Tony haluaa veljesi hankkiutuvan sinusta eroon , voi ottaa ohjat käsiinsä .
ottaa	käsi	ota kätesi	R	1254	1.5688	Ota kätesi pois taskustani !
ottaa	käsi	ota kätesi	R	1254	1.5688	Ota kätesi irti minusta .
ottaa	käsi	ota kätesi	R	1254	1.5688	Ota kätesi pois kimpustani .
ottaa	käsi	ota kätesi	R	1254	1.5688	Ota kätesi pois .
ottaa	käsi	ota kätesi	R	1254	1.5688	Ota kätesi pois sieltä .
ottaa	käsi	ota kätesi	R	1254	1.5688	Ota kätesi pois rinnaltani .
ottaa	käsi	ota kätesi	R	1254	1.5688	Ota kätesi pois !
ottaa	käsi	ota kätesi	R	1254	1.5688	Ota kätesi pois , heti
ottaa	käsi	ota kätesi	R	1254	1.5688	Ota kätesi pois olkapäältäni .
ottaa	käsi	ota kätesi	R	1254	1.5688	Ota kätesi pois suustani !
ottaa	käsi	ota kätesi	R	1254	1.5688	Ota kätesi pois housuistani !
ottaa	käsi	ota kätesi	R	1254	1.5688	Ota kätesi pois minusta .
ottaa	käsi	ota kätesi	R	1254	1.5688	Ota kätesi irti .
ottaa	käsi	ota kätesi	R	1254	1.5688	Ota kätesi irti minusta !
ottaa	käsi	ota kätesi	R	1254	1.5688	Ota kätesi pois reideltäni .
ottaa	käsi	ota kätesi	R	1254	1.5688	Ota kätesi pois mene .
ottaa	käsi	ota kätesi	R	1254	1.5688	Ota kätesi pois puhelimelta .
ottaa	käsi	ota kätesi	R	1254	1.5688	Ota kätesi pois siltä vivulta .
ottaa	käsi	ota kätesi	R	1254	1.5688	Ota kätesi vie se pohjalle anna minulle vähän lihaa .
ottaa	käsi	ota kätesi	R	1254	1.5688	Ota kätesi ulos taskuista !
ottaa	takki	ota takkisi	R	1222	3.7594	Ota takkisi pois .
ottaa	takki	ota takkisi	R	1222	3.7594	Ota takkisi , sekopää .
ottaa	takki	ota takkisi	R	1222	3.7594	Ota takkisi , mennään .
ottaa	takki	ota takkisi	R	1222	3.7594	Ota takkisi .
ottaa	takki	ota takkisi	R	1222	3.7594	Ota takkisi mukaan .
ottaa	takki	ota takkisi	R	1222	3.7594	Ota takkisi paitasi pois .
ottaa	takki	ota takkisi	R	1222	3.7594	Ota takkisi terävät keppisi .
ottaa	takki	ota takkisi	R	1222	3.7594	Ota takkisi , lähdemme ajelulle .
ottaa	takki	ota takkisi	R	1222	3.7594	Ota takkisi !
ottaa	takki	ota takkisi	R	1222	3.7594	Ota takkisi , Anne Frank , menemme ulos .
ottaa	takki	ota takkisi	R	1222	3.7594	Ota takkisi mukaan , Susan , matkustat avoautossa .
ottaa	takki	ota takkisi	R	1222	3.7594	Ota takkisi , Jacob .
ottaa	takki	ota takkisi	R	1222	3.7594	Ota takkisi pois !
ottaa	takki	ota takkisi	R	1222	3.7594	Ota takkisi , Alex .
ottaa	takki	ota takkisi	R	1222	3.7594	Ota takkisi pois , huomaa , kuinka mukavampaa on .
ottaa	takki	ota takkisi	R	1222	3.7594	Ota takkisi , tahdot .
ottaa	takki	ota takkisi	R	1222	3.7594	Ota takkisi , Cindy .
ottaa	takki	ota takkisi	R	1222	3.7594	Ota takkisi , siirry vasemmalle lavalla sitten työnnä hänet ovesta .
ottaa	takki	ota takkisi	R	1222	3.7594	Ota takkisi kenkäsi .
ottaa	takki	ota takkisi	R	1222	3.7594	Ota takkisi , niin lähdetään .
ottaa	suu	ottaa suihin	R	1214	2.7401	""" Äitisi ottaa suihin . "" Kekseliästä ."
ottaa	suu	ottaa suihin	R	1214	2.7401	Voin ottaa suihin sinulta , haluat .
ottaa	suu	ottaa suihin	R	1214	2.7401	Tyttö ei pääse ylös , ennen ottaa suihin .
ottaa	suu	ottaa suihin	R	1214	2.7401	Et voi naida minua etkä ottaa suihin .
ottaa	suu	ottaa suihin	R	1214	2.7401	Pitääkö minun ottaa suihin ?
ottaa	suu	ottaa suihin	R	1214	2.7401	Haluatko ottaa suihin ?
ottaa	suu	ottaa suihin	R	1214	2.7401	Juutalaistytöt rakastavat ottaa suihin .
ottaa	suu	ottaa suihin	R	1214	2.7401	Piti pysytellä kaidalla tiellä ottaa suihin , niin tuli hyvä raportti .
ottaa	suu	ottaa suihin	R	1214	2.7401	käsken sinun ottaa suihin , sinä polvistut .
ottaa	suu	ottaa suihin	R	1214	2.7401	Osaan kaksi asiaa : korjata lommoja nähdä , kuka osaa ottaa suihin .
ottaa	suu	ottaa suihin	R	1214	2.7401	Inhoat ottaa suihin ?
ottaa	suu	ottaa suihin	R	1214	2.7401	Kuka ottaa suihin ensimmäisenä ?
ottaa	suu	ottaa suihin	R	1214	2.7401	Hän voisi ottaa suihin joltain .
ottaa	suu	ottaa suihin	R	1214	2.7401	Annoin ottaa suihin .
ottaa	suu	ottaa suihin	R	1214	2.7401	Äitisi ottaa suihin norsunkokoisia !
ottaa	suu	ottaa suihin	R	1214	2.7401	Ne saa ottaa suihin , en kyllä nussi niitä .
ottaa	suu	ottaa suihin	R	1214	2.7401	Hän haluaa vain ottaa suihin Jim Morrisonilta .
ottaa	suu	ottaa suihin	R	1214	2.7401	Saanko ottaa suihin ?
ottaa	suu	ottaa suihin	R	1214	2.7401	Tuo ottaa suihin , sinä nuriset kaljasta .
ottaa	suu	ottaa suihin	R	1214	2.7401	Kerron hänelle kaiken , samalla hän ottaa suihin minulta !
ottaa	työ	otin työn	R	1197	0.9478	Otin työn mitä en osaa enkä selviydy .
ottaa	työ	otin työn	R	1197	0.9478	Otin työn vastaan klubilla .
ottaa	työ	otin työn	R	1197	0.9478	Otin työn , halusin vaikuttaa muutaman nuoren miehen elämään , tämä on ainoa tapa , jonka tiedän sen tekemiseen .
ottaa	työ	otin työn	R	1197	0.9478	Otin työn vastaan , voisin tarkkailla häntä .
ottaa	työ	otin työn	R	1197	0.9478	Otin työn saadakseni olla lähelläsi .
ottaa	työ	otin työn	R	1197	0.9478	Otin työn vastaan high schoolissa , perheelläni oli vaikeaa .
ottaa	työ	otin työn	R	1197	0.9478	Otin työn NID: ssä uskon salaisten operaatioiden siviilivalvontaan .
ottaa	työ	otin työn	R	1197	0.9478	Otin työn , halusin rikkaana miehenä antaa jotain takaisin .
ottaa	työ	otin työn	R	1197	0.9478	Otin työn jota kukaan muu ei halunnut .
ottaa	työ	otin työn	R	1197	0.9478	Otin työn vastaan jo , Vanessa .
ottaa	työ	otin työn	R	1197	0.9478	Otin työn pidin hauskaa , en kertonut kellekään , mitä tein , ajattelin tämän olevan huonoin työni koskaan .
ottaa	työ	otin työn	R	1197	0.9478	Otin työn vastaan .
ottaa	työ	otin työn	R	1197	0.9478	Otin työn vain sen takia , se voi olla keino päästä pois täältä .
ottaa	työ	otin työn	R	1197	0.9478	Otin työn , parantaakseni Kanadan terveydenhoitojärjestelmää Mitä sillä on vaimoni kanssa tekemistä ?
ottaa	työ	otin työn	R	1197	0.9478	Otin työn , Vakuutit tukisit minua kaikkia loukkauksia Vastaan .
ottaa	työ	otin työn	R	1197	0.9478	Otin työn Savinolta .
ottaa	työ	otin työn	R	1197	0.9478	Otin työn vain siksi , voisin ystävystyä Alejandron kanssa .
ottaa	työ	otin työn	R	1197	0.9478	Otin työn vastaan tänä aamuna .
ottaa	työ	otin työn	R	1197	0.9478	Otin työn tilapäisenä , alan pitää tästä .
ottaa	työ	otin työn	R	1197	0.9478	Otin työn , hylkäsit sen viimeksi .
ottaa	oma	ottaa oman	R	1166	1.3088	tämä sota on tulossa , se ottaa oman aikansa .
ottaa	oma	ottaa oman	R	1166	1.3088	historian tässä vaiheessa yksi kahdesta asiasta on mahdollinen tavallinen kansa ottaa oman kohtalonsa käsiinsä huolehtii yhteisön tarpeista solidaarisuuden , sympatian myötätunnon arvojen ohjaamana vaihtoehtoisesti kenellekään ei jää kohtaloa käsiin otettavaksi niin pitkään jokin eritysryhmittymä on auktoriteetin asemassa
ottaa	oma	ottaa oman	R	1166	1.3088	Voin ottaa oman laukkuni .
ottaa	oma	ottaa oman	R	1166	1.3088	vihaa ei kohtaa , se ottaa oman polkunsa .
ottaa	oma	ottaa oman	R	1166	1.3088	Kenties ottaa oman lokeron .
ottaa	oma	ottaa oman	R	1166	1.3088	Mathmos ottaa oman ravintonsa .
ottaa	oma	ottaa oman	R	1166	1.3088	Muistitko ottaa oman kirjeesi mukaan ?
ottaa	oma	ottaa oman	R	1166	1.3088	Jokainen ottaa oman käytävän .
ottaa	oma	ottaa oman	R	1166	1.3088	Kiitos oikein paljon , Leslie , taidan ottaa oman autoni .
ottaa	oma	ottaa oman	R	1166	1.3088	Jokainen ottaa oman paikkansa .
ottaa	oma	ottaa oman	R	1166	1.3088	Voit ottaa oman kupin .
ottaa	oma	ottaa oman	R	1166	1.3088	Voit ottaa oman ratasi Paigen radan .
ottaa	oma	ottaa oman	R	1166	1.3088	Voimme molemmat ottaa oman osamme .
ottaa	oma	ottaa oman	R	1166	1.3088	Olisin voinut ottaa oman vitun vuoroni .
ottaa	oma	ottaa oman	R	1166	1.3088	On luonnollista , tutustuminen ottaa oman aikansa .
ottaa	oma	ottaa oman	R	1166	1.3088	Yhtäkkiä hän päätti ottaa oman osuutensa votkasta meni pois .
ottaa	oma	ottaa oman	R	1166	1.3088	Aion ottaa oman nimeni pois arvonnasta .
ottaa	oma	ottaa oman	R	1166	1.3088	Se ottaa oman aikansa .
ottaa	oma	ottaa oman	R	1166	1.3088	Yritämme vain ottaa oman unasimme takaisin .
ottaa	oma	ottaa oman	R	1166	1.3088	Kuka tarvitsee Taschenia , voimme ottaa oman perhepotrettimme ?
ottaa	lapsi	ottaa lapset	R	1159	1.0820	Gabriella ottaa lapset mukaan .
ottaa	lapsi	ottaa lapset	R	1159	1.0820	Voisit tulla ottaa lapset mukaan .
ottaa	lapsi	ottaa lapset	R	1159	1.0820	tosiaan haluat lähteä , voisimme ottaa lapset viikonlopuksi .
ottaa	lapsi	ottaa lapset	R	1159	1.0820	He halusivat ottaa lapset viikonlopuksi .
ottaa	lapsi	ottaa lapset	R	1159	1.0820	Soita vaimolleni , ottaa lapset lähtee maasta välittömästi .
ottaa	lapsi	ottaa lapset	R	1159	1.0820	Sinun pitää ottaa lapset , lähteä .
ottaa	lapsi	ottaa lapset	R	1159	1.0820	On meidän vuoromme ottaa lapset .
ottaa	lapsi	ottaa lapset	R	1159	1.0820	Mary ottaa lapset .
ottaa	lapsi	ottaa lapset	R	1159	1.0820	Soitan siskolleni kysyn hän voi ottaa lapset .
ottaa	lapsi	ottaa lapset	R	1159	1.0820	Hän haluaa ottaa lapset mukaansa , kaupunkiin , vanhempiensa tilalle .
ottaa	lapsi	ottaa lapset	R	1159	1.0820	Puhuttiin , vaimo aikoi häipyä ottaa lapset mukaansa , joka tietysti siihen aikaan oli vähän ...
ottaa	lapsi	ottaa lapset	R	1159	1.0820	Crab Man , haluat , minä Randy voimme ottaa lapset vähäksi aikaa hoitoon , niin voit pitää tauon .
ottaa	lapsi	ottaa lapset	R	1159	1.0820	Ajattelin ottaa lapset paeta , matkustaminen on vaarallista .
ottaa	lapsi	ottaa lapset	R	1159	1.0820	Erikoisyksikkö ottaa lapset .
ottaa	lapsi	ottaa lapset	R	1159	1.0820	Miksi hän ottaa lapset ?
ottaa	lapsi	ottaa lapset	R	1159	1.0820	Anoppini ottaa lapset mukaansa hautajaisten jälkeen .
ottaa	lapsi	ottaa lapset	R	1159	1.0820	Sinulla on valta ottaa lapset takaisin .
ottaa	lapsi	ottaa lapset	R	1159	1.0820	Päätit ottaa lapset mukaan ?
ottaa	lapsi	ottaa lapset	R	1159	1.0820	Olemme siirtäneet niin monta kertaa meidän täytyi ottaa lapset pois koulusta .
ottaa	lapsi	ottaa lapset	R	1159	1.0820	Löysimme hänet vanhasta pannuhuoneesta ... missä hänellä oli tapana ottaa lapset .
ottaa	aika	aika ottaa	L	1144	0.2017	Minun olikin jo aika ottaa ohjakset .
ottaa	aika	aika ottaa	L	1144	0.2017	ehkä on aika ottaa se pois .
ottaa	aika	aika ottaa	L	1144	0.2017	Taitaa olla aika ottaa pillerit .
ottaa	aika	aika ottaa	L	1144	0.2017	luulen silti , sinun on aika ottaa aktiivisempi rooli
ottaa	aika	aika ottaa	L	1144	0.2017	Olisiko meidän aika ottaa seuraava askel suhteessamme ?
ottaa	aika	aika ottaa	L	1144	0.2017	Rivertonin on aika ottaa pienet torkut .
ottaa	aika	aika ottaa	L	1144	0.2017	Teidän on aika ottaa vastuuta tekemisistänne .
ottaa	aika	aika ottaa	L	1144	0.2017	Ehkä on meidän aika ottaa tämä sota omiin käsiimme .
ottaa	aika	aika ottaa	L	1144	0.2017	Eikö sinustakin olisi jo aika ottaa siitä selvää ?
ottaa	aika	aika ottaa	L	1144	0.2017	Nyt on aika ottaa niistä suurin .
ottaa	aika	aika ottaa	L	1144	0.2017	On aika ottaa ne takaisin .
ottaa	aika	aika ottaa	L	1144	0.2017	On aika ottaa omansa .
ottaa	aika	aika ottaa	L	1144	0.2017	On aika ottaa suurin riski .
ottaa	aika	aika ottaa	L	1144	0.2017	Nyt on aika ottaa ne takaisin .
ottaa	aika	aika ottaa	L	1144	0.2017	Joidenkin vanhimpien mielestä on aika ottaa hänen vetensä .
ottaa	aika	aika ottaa	L	1144	0.2017	Olemme hyviä ystäviä , on aika ottaa seuraava askel .
ottaa	aika	aika ottaa	L	1144	0.2017	Ehkä on aika ottaa selvää , pidänkö vieläkin .
ottaa	aika	aika ottaa	L	1144	0.2017	, on aika ottaa siitä selkoa .
ottaa	aika	aika ottaa	L	1144	0.2017	Nyt on aika ottaa isot aseet esiin .
ottaa	aika	aika ottaa	L	1144	0.2017	SD-6 : n on aika ottaa riski puolestani .
ottaa	paikka	ottaa paikkani	R	1081	0.9899	On vastuusi ottaa paikkani senaatissa
ottaa	paikka	ottaa paikkani	R	1081	0.9899	Kuka viisaampi vanhempi ottaa paikkani ?
ottaa	paikka	ottaa paikkani	R	1081	0.9899	On sinun vastuullasi ottaa paikkani senaatissa
ottaa	paikka	ottaa paikkani	R	1081	0.9899	Voit ottaa paikkani kirjaan katsomatta .
ottaa	paikka	ottaa paikkani	R	1081	0.9899	Siviilin tulisi ottaa paikkani .
ottaa	paikka	ottaa paikkani	R	1081	0.9899	Voit ottaa paikkani neuvostossa .
ottaa	paikka	ottaa paikkani	R	1081	0.9899	Vartioasema , käske majuri Atamben ottaa paikkani .
ottaa	paikka	ottaa paikkani	R	1081	0.9899	menehdyn , toinen ottaa paikkani .
ottaa	paikka	ottaa paikkani	R	1081	0.9899	Voit ottaa paikkani vajassa muiden luona .
ottaa	paikka	ottaa paikkani	R	1081	0.9899	Yksi joka ottaa paikkani .
ottaa	paikka	ottaa paikkani	R	1081	0.9899	Aion ottaa paikkani
ottaa	paikka	ottaa paikkani	R	1081	0.9899	Mieheni ottaa paikkani .
ottaa	paikka	ottaa paikkani	R	1081	0.9899	Aiotko ottaa paikkani ?
ottaa	paikka	ottaa paikkani	R	1081	0.9899	kuka edes voisi ottaa paikkani ?
ottaa	paikka	ottaa paikkani	R	1081	0.9899	haluat , voit ottaa paikkani Daniel.
ottaa	paikka	ottaa paikkani	R	1081	0.9899	Siviilin pitäisi ottaa paikkani .
ottaa	paikka	ottaa paikkani	R	1081	0.9899	Yritin vain muuttaa asioita , ottaa paikkani maailmasta , niin hän aina sanoi .
ottaa	paikka	ottaa paikkani	R	1081	0.9899	Haluatko ottaa paikkani ?
ottaa	paikka	ottaa paikkani	R	1081	0.9899	Nyt minun on aika ottaa paikkani takaisin !
ottaa	paikka	ottaa paikkani	R	1081	0.9899	Mukaan ottaen hän , jonka piti ottaa paikkani .
ottaa	olut	otatko oluen	R	1079	3.5208	Otatko oluen ?
ottaa	olut	otatko oluen	R	1079	3.5208	Otatko oluen , Jeff ?
ottaa	olut	otatko oluen	R	1079	3.5208	Otatko oluen jotain ?
ottaa	olut	otatko oluen	R	1079	3.5208	Otatko oluen , Jake ?
ottaa	olut	otatko oluen	R	1079	3.5208	Otatko oluen , Sid ?
ottaa	olut	otatko oluen	R	1079	3.5208	Otatko oluen jotain muuta ?
ottaa	olut	otatko oluen	R	1079	3.5208	Otatko oluen jotain siinä odottaessasi ?
ottaa	olut	otatko oluen	R	1079	3.5208	Otatko oluen , Dude ?
ottaa	olut	otatko oluen	R	1079	3.5208	Otatko oluen , Grubes ?
ottaa	olut	otatko oluen	R	1079	3.5208	Otatko oluen , Bruce ?
ottaa	olut	otatko oluen	R	1079	3.5208	Otatko oluen , Norm ?
ottaa	olut	otatko oluen	R	1079	3.5208	Otatko oluen , Vishnu ?
ottaa	olut	otatko oluen	R	1079	3.5208	Otatko oluen jotakin ?
ottaa	olut	otatko oluen	R	1079	3.5208	Otatko oluen , herra ?
ottaa	olut	otatko oluen	R	1079	3.5208	Otatko oluen , Bernie ?
ottaa	olut	otatko oluen	R	1079	3.5208	Otatko oluen ennen köyhtymistä ?
ottaa	olut	otatko oluen	R	1079	3.5208	Otatko oluen , isä ?
ottaa	olut	otatko oluen	R	1079	3.5208	Otatko oluen , George ?
ottaa	olut	otatko oluen	R	1079	3.5208	( Virolaisittain : ) Otatko oluen ?
ottaa	olut	otatko oluen	R	1079	3.5208	Otatko oluen , Ray ?
ottaa	oppi	ota opiksesi	R	1060	4.1462	Ota opiksesi , Geoffrey .
ottaa	oppi	ota opiksesi	R	1060	4.1462	Ota opiksesi .
ottaa	oppi	ota opiksesi	R	1060	4.1462	Ota opiksesi , poika .
ottaa	oppi	ota opiksesi	R	1060	4.1462	Ota opiksesi , kulta .
ottaa	oppi	ota opiksesi	R	1060	4.1462	Ota opiksesi tästä maallisesta toiveestamme .
ottaa	oppi	ota opiksesi	R	1060	4.1462	Ota opiksesi häneltä .
ottaa	oppi	ota opiksesi	R	1060	4.1462	Ota opiksesi , ystäväni .
ottaa	oppi	ota opiksesi	R	1060	4.1462	Ota opiksesi !
ottaa	oppi	ota opiksesi	R	1060	4.1462	"hän nousi verisenä itkien isä sanoi : "" Ota opiksesi . """
ottaa	oppi	ota opiksesi	R	1060	4.1462	Ota opiksesi päädyt samaan Estela .
ottaa	oppi	ota opiksesi	R	1060	4.1462	Ota opiksesi tästä .
ottaa	oppi	ota opiksesi	R	1060	4.1462	Ota opiksesi tuosta .
ottaa	oppi	ota opiksesi	R	1060	4.1462	Ota opiksesi häivy silmistäni .
ottaa	oppi	ota opiksesi	R	1060	4.1462	Ota opiksesi :
ottaa	oppi	ota opiksesi	R	1060	4.1462	Ota opiksesi palaa tänne .
ottaa	oppi	ota opiksesi	R	1060	4.1462	Ota opiksesi , kuoronjohtaja .
ottaa	oppi	ota opiksesi	R	1060	4.1462	Ota opiksesi , Emma .
ottaa	oppi	ota opiksesi	R	1060	4.1462	Ota opiksesi , ettei vieraiden kyytiin saa lähteä .
ottaa	oppi	ota opiksesi	R	1060	4.1462	Ota opiksesi katoa silmistäni .
ottaa	oppi	ota opiksesi	R	1060	4.1462	Ota opiksesi seuraavalle kerralle .
ottaa	valokuva	ottaa valokuvia	R	1047	4.0247	Hän ottaa valokuvia hämähäkkimiehestä sanomalehteen pakota hänet kertomaan missä hämähäkkimies on .
ottaa	valokuva	ottaa valokuvia	R	1047	4.0247	Yritin ottaa valokuvia , ne oli huononpuoleisia .
ottaa	valokuva	ottaa valokuvia	R	1047	4.0247	Niillä voi ottaa valokuvia ne ovat huippumuodikkaat .
ottaa	valokuva	ottaa valokuvia	R	1047	4.0247	Voisitteko ottaa valokuvia näiden verhojen luota ?
ottaa	valokuva	ottaa valokuvia	R	1047	4.0247	Meidän täytyy ottaa valokuvia .
ottaa	valokuva	ottaa valokuvia	R	1047	4.0247	, osa porukasta haluaa ottaa valokuvia .
ottaa	valokuva	ottaa valokuvia	R	1047	4.0247	Hän ottaa valokuvia .
ottaa	valokuva	ottaa valokuvia	R	1047	4.0247	Annoitte ottaa valokuvia päästitte Betelgeusen ulos !
ottaa	valokuva	ottaa valokuvia	R	1047	4.0247	Hän ottaa valokuvia , opetin häntä tallentamaan , käsittelemään poistamaan niitä .
ottaa	valokuva	ottaa valokuvia	R	1047	4.0247	Luullakseni viime vuosisadalta ... silloin kuolleista oli tapana ottaa valokuvia ... siinä toivossa heidän sielunsa ... jatkaisivat elämäänsä kuvien kautta .
ottaa	valokuva	ottaa valokuvia	R	1047	4.0247	Meidän piti ainoastaan ottaa valokuvia .
ottaa	valokuva	ottaa valokuvia	R	1047	4.0247	Vedän hölkkäävää valokuvausryhmää ihmisille haluavat liikuntaa ottaa valokuvia .
ottaa	valokuva	ottaa valokuvia	R	1047	4.0247	Vedän hölkkäävää valokuvausryhmää ihmisille , jotka haluavat liikuntaa ottaa valokuvia .
ottaa	valokuva	ottaa valokuvia	R	1047	4.0247	Täytyy ottaa valokuvia .
ottaa	valokuva	ottaa valokuvia	R	1047	4.0247	voit ottaa valokuvia huoneesta .
ottaa	valokuva	ottaa valokuvia	R	1047	4.0247	Miksi luulemme , hän ottaa valokuvia ?
ottaa	valokuva	ottaa valokuvia	R	1047	4.0247	Meidän pitäisi ottaa valokuvia .
ottaa	valokuva	ottaa valokuvia	R	1047	4.0247	Saanko ottaa valokuvia ?
ottaa	valokuva	ottaa valokuvia	R	1047	4.0247	Kameran omaavat voivat ottaa valokuvia .
ottaa	valokuva	ottaa valokuvia	R	1047	4.0247	Yritin ottaa valokuvia , ne olivat niin keskinkertaisia .
ottaa	lopputili	otan lopputilin	R	1039	6.1219	Otan lopputilin !
ottaa	lopputili	otan lopputilin	R	1039	6.1219	Otan lopputilin .
ottaa	lopputili	otan lopputilin	R	1039	6.1219	Otan lopputilin Cyberdynesta .
ottaa	lopputili	otan lopputilin	R	1039	6.1219	Otan lopputilin , kuvernööri .
ottaa	lopputili	otan lopputilin	R	1039	6.1219	Otan lopputilin Gunther .
ottaa	lopputili	otan lopputilin	R	1039	6.1219	Otan lopputilin Loppu , loppu , lopputilin
ottaa	lopputili	otan lopputilin	R	1039	6.1219	Otan lopputilin , senkin tinapurkkityranni .
ottaa	lopputili	otan lopputilin	R	1039	6.1219	Otan lopputilin rakennukselta .
ottaa	lopputili	otan lopputilin	R	1039	6.1219	Otan lopputilin , olin täällä siksi , olisin edennyt lentäjäksi .
ottaa	lopputili	otan lopputilin	R	1039	6.1219	Otan lopputilin , työskentelette L : n kanssa .
ottaa	lopputili	otan lopputilin	R	1039	6.1219	Otan lopputilin jahtaan Kiraa .
ottaa	lopputili	otan lopputilin	R	1039	6.1219	Otan lopputilin nyt heti .
ottaa	lopputili	otan lopputilin	R	1039	6.1219	Otan lopputilin kokeilen jotain aivan uutta .
ottaa	lopputili	otan lopputilin	R	1039	6.1219	Otan lopputilin , Arthur !
ottaa	lopputili	otan lopputilin	R	1039	6.1219	Otan lopputilin luovutan kaiken Xanderille .
ottaa	lopputili	otan lopputilin	R	1039	6.1219	Otan lopputilin te sallitte sen .
ottaa	lopputili	otan lopputilin	R	1039	6.1219	Otan lopputilin , julkaiset ne kuvat .
ottaa	lopputili	otan lopputilin	R	1039	6.1219	Otan lopputilin enkä tule takaisin .
ottaa	lopputili	otan lopputilin	R	1039	6.1219	Otan lopputilin , Mona .
ottaa	lopputili	otan lopputilin	R	1039	6.1219	Otan lopputilin lähden .
ottaa	valmis	valmis ottamaan	L	1031	1.2694	Oletko valmis ottamaan selkääsi ?
ottaa	valmis	valmis ottamaan	L	1031	1.2694	Jotkut teistä saattavat kuolla , se on uhraus minkä olen valmis ottamaan .
ottaa	valmis	valmis ottamaan	L	1031	1.2694	Olen valmis ottamaan riskin teidän vuoksenne .
ottaa	valmis	valmis ottamaan	L	1031	1.2694	Olen valmis ottamaan rangaistuksen .
ottaa	valmis	valmis ottamaan	L	1031	1.2694	Sen riskin minä olen valmis ottamaan .
ottaa	valmis	valmis ottamaan	L	1031	1.2694	Se on riski minkä olen valmis ottamaan .
ottaa	valmis	valmis ottamaan	L	1031	1.2694	Sen jälkeen , mitä hän on minulle tehnyt , olen valmis ottamaan riskejä .
ottaa	valmis	valmis ottamaan	L	1031	1.2694	Olen ehkä saattanut meidät vaaraan , olin valmis ottamaan sen riskin .
ottaa	valmis	valmis ottamaan	L	1031	1.2694	Hän oli valmis ottamaan kahden sotarintaman riskin .
ottaa	valmis	valmis ottamaan	L	1031	1.2694	Juon kaksi paukkua olen valmis ottamaan tukea Brinkin kuormurista .
ottaa	valmis	valmis ottamaan	L	1031	1.2694	Milloin hänen kehonsa on valmis ottamaan toisen osan lääkkeestä ?
ottaa	valmis	valmis ottamaan	L	1031	1.2694	Sen riskin olen valmis ottamaan .
ottaa	valmis	valmis ottamaan	L	1031	1.2694	Kuitenkin , olennainen kysymys on , oletko sinä valmis ottamaan vastuun kaikkien ihmisten kuolemasta tässä maailmassa .
ottaa	valmis	valmis ottamaan	L	1031	1.2694	Neiti Carmichael , olkaa hyvä , tohtori Petersen on valmis ottamaan vastaan teidät .
ottaa	valmis	valmis ottamaan	L	1031	1.2694	Aina valmis ottamaan , ei ikinä antamaan .
ottaa	valmis	valmis ottamaan	L	1031	1.2694	Olet niin valmis ottamaan riskejä maasi vuoksi .
ottaa	valmis	valmis ottamaan	L	1031	1.2694	Olen valmis ottamaan sen riskin .
ottaa	valmis	valmis ottamaan	L	1031	1.2694	jokainen henkilö retkikunnastani on valmis ottamaan sen riskin .
ottaa	valmis	valmis ottamaan	L	1031	1.2694	Olen valmis ottamaan vastuun tietyistä virheistämme .
ottaa	valmis	valmis ottamaan	L	1031	1.2694	Oletko valmis ottamaan neuvoni vastaan ?
ottaa	huomio	huomioon ottaen	L	1021	2.8359	Resurssit huomioon ottaen se olisi jo halutessaan voinut tuhota meidät .
ottaa	huomio	huomioon ottaen	L	1021	2.8359	Tehtävä tuntui maasto huomioon ottaen lähes mahdottomalta .
ottaa	huomio	huomioon ottaen	L	1021	2.8359	He ovat valmiita peruuttamaan syytökset sinua kohtaa , mikä on erittäin suuri liennytys olosuhteet huomioon ottaen .
ottaa	huomio	huomioon ottaen	L	1021	2.8359	Ymmärrettävää , olosuhteet huomioon ottaen .
ottaa	huomio	huomioon ottaen	L	1021	2.8359	syytteen huomioon ottaen olen tyytyväinen , puolustus ei ole kumonnut syyttäjän esittämiä todisteita .
ottaa	huomio	huomioon ottaen	L	1021	2.8359	Jutun huomioon ottaen tämä käy nopeasti .
ottaa	huomio	huomioon ottaen	L	1021	2.8359	Nämä tappiot huomioon ottaen
ottaa	huomio	huomioon ottaen	L	1021	2.8359	Taustasi huomioon ottaen hän halunnee avioehdon .
ottaa	huomio	huomioon ottaen	L	1021	2.8359	Tilanteen huomioon ottaen ...
ottaa	huomio	huomioon ottaen	L	1021	2.8359	Lapsuutesi huomioon ottaen se voi pitääkin .
ottaa	huomio	huomioon ottaen	L	1021	2.8359	Ihan hyvin , kiitos , huomioon ottaen ...
ottaa	huomio	huomioon ottaen	L	1021	2.8359	Tapahtumat huomioon ottaen ...
ottaa	huomio	huomioon ottaen	L	1021	2.8359	Hieno ilma vuodenajan huomioon ottaen .
ottaa	huomio	huomioon ottaen	L	1021	2.8359	Olosuhteet huomioon ottaen .
ottaa	huomio	huomioon ottaen	L	1021	2.8359	Ei pahalla herrat , olosuhteet huomioon ottaen eikö tämä vaatisi ammattilaisen apua ?
ottaa	huomio	huomioon ottaen	L	1021	2.8359	Kaikki huomioon ottaen .
ottaa	huomio	huomioon ottaen	L	1021	2.8359	Maineesi huomioon ottaen ...
ottaa	huomio	huomioon ottaen	L	1021	2.8359	Kyllä , Munkki , olosuhteet huomioon ottaen ,
ottaa	huomio	huomioon ottaen	L	1021	2.8359	Se on hyvä tulos huomioon ottaen ...
ottaa	huomio	huomioon ottaen	L	1021	2.8359	Etsivä Conklinin menneisyys huomioon ottaen on aika selvää , mitä illalla tapahtui .
ottaa	syy	ottaa syyt	R	1006	1.6115	Jonkunhan pitää ottaa syyt niskoilleen .
ottaa	syy	ottaa syyt	R	1006	1.6115	Sinun on mentävä takaisin Collinwoodiin löydettävä joku , joka ottaa syyt tästä autosotkusta puolestani .
ottaa	syy	ottaa syyt	R	1006	1.6115	Hän ottaa syyt siitä omille niskoilleen , eikä ole päässyt siitä vielä yli .
ottaa	syy	ottaa syyt	R	1006	1.6115	Hän ottaa syyt niskoilleen .
ottaa	syy	ottaa syyt	R	1006	1.6115	Hän ottaa syyt sillä selvä .
ottaa	syy	ottaa syyt	R	1006	1.6115	Annan heidän ottaa syyt niskoilleen .
ottaa	syy	ottaa syyt	R	1006	1.6115	Hullu anarkisti ottaa syyt niskoilleen .
ottaa	syy	ottaa syyt	R	1006	1.6115	Sallimalla Ramonin ottaa syyt puolestamme antaa meidän tehdä minimaalisilla takaiskuilla .
ottaa	syy	ottaa syyt	R	1006	1.6115	Minun täytyisi ottaa syyt , he ristiinnaulitsevat minut .
ottaa	syy	ottaa syyt	R	1006	1.6115	jonkun piti ottaa syyt niskoilleen , boss teki Hughiesta syntipukkinsa .
ottaa	syy	ottaa syyt	R	1006	1.6115	En taatusti pelaa naisen kanssa , joka antaa Miken ottaa syyt niskoilleen kahelin miehensä puolesta .
ottaa	syy	ottaa syyt	R	1006	1.6115	Aiotko ottaa syyt niskoillesi ?
ottaa	syy	ottaa syyt	R	1006	1.6115	Jonkun piti ottaa syyt niskoilleen .
ottaa	syy	ottaa syyt	R	1006	1.6115	jonkun piti ottaa syyt niskoilleen , Boss lavasti Hughien pahantekijäksi .
ottaa	syy	ottaa syyt	R	1006	1.6115	Aiotko ottaa syyt niskoillesi tämän tyypin puolesta ?
ottaa	syy	ottaa syyt	R	1006	1.6115	Perry on väärä mies , joka ottaa syyt niskoilleen vapaaehtoisesti ...
ottaa	syy	ottaa syyt	R	1006	1.6115	Älä huolehdi , Hashimoto ottaa syyt niskoilleen .
ottaa	syy	ottaa syyt	R	1006	1.6115	Farr ottaa syyt niskoilleen , väittää ettei Wallowski tiedä mitään .
ottaa	syy	ottaa syyt	R	1006	1.6115	Voin ottaa syyt niskoilleni .
ottaa	syy	ottaa syyt	R	1006	1.6115	Caleb varasti Riveran auton huumeet , hän antaa Tayloreiden ottaa syyt niskoilleen .
